gender,name
M,Jack
M,Oliver
M,James
M,Charlie
M,Harris
M,Lewis
M,Leo
M,Noah
M,Alfie
M,Rory
M,Alexander
M,Max
M,Logan
M,Lucas
M,Harry
M,Theo
M,Thomas
M,Brodie
M,Archie
M,Jacob
M,Finlay
M,Finn
M,Daniel
M,Joshua
M,Oscar
M,Arthur
M,Hunter
M,Ethan
M,Mason
M,Harrison
M,Freddie
M,Ollie
M,Adam
M,William
M,Jaxon
M,Aaron
M,Cameron
M,Liam
M,George
M,Jamie
M,Callum
M,Matthew
M,Muhammad
M,Caleb
M,Nathan
M,Tommy
M,Carter
M,Blake
M,Andrew
M,Luke
M,Jude
M,Angus
M,Riley
M,Luca
M,Samuel
M,Joseph
M,David
M,Isaac
M,Ryan
M,Hamish
M,Sonny
M,Arlo
M,Arran
M,Cole
M,Robert
M,Blair
M,Dylan
M,Louie
M,Ruaridh
M,Connor
M,Benjamin
M,Kai
M,Michael
M,Jackson
M,Leon
M,Cooper
M,Louis
M,Theodore
M,Fraser
M,Owen
M,Reuben
M,John
M,Carson
M,Innes
M,Elijah
M,Murray
M,Grayson
M,Aiden
M,Aidan
M,Cody
M,Elliot
M,Ben
M,Henry
M,Sam
M,Alex
M,Ellis
M,Gabriel
M,Jax
M,Callan
M,Ruairidh
M,Frankie
M,Lachlan
M,Roman
M,Brody
M,Josh
M,Sebastian
M,Struan
M,Evan
M,Kyle
M,Myles
M,Calum
M,Lochlan
M,Jayden
M,Lyle
M,Robbie
M,Calvin
M,Corey
M,Jaxson
M,Christopher
M,Teddy
M,Eli
M,Marcus
M,Parker
M,Tyler
M,Euan
M,Hudson
M,Joey
M,Austin
M,Zac
M,Dominic
M,Kayden
M,Zack
M,Harvey
M,Rowan
M,Hugo
M,Edward
M,Fergus
M,Finley
M,Patrick
M,Cillian
M,Conor
M,Ruben
M,Flynn
M,Jake
M,Albie
M,Levi
M,Mohammad
M,Rhys
M,Ronan
M,Zach
M,Zachary
M,Ezra
M,Charles
M,Kian
M,Kieran
M,Mohammed
M,Zak
M,Anthony
M,Bradley
M,Elliott
M,Mark
M,Miller
M,Felix
M,Harley
M,Jay
M,Jordan
M,Milo
M,Oran
M,Peter
M,Sean
M,Ciaran
M,Jasper
M,Kaiden
M,Robin
M,Caelan
M,Cohen
M,Magnus
M,Xander
M,Jason
M,Reece
M,Ruairi
M,Scott
M,Cian
M,Filip
M,Nico
M,Olly
M,Gregor
M,Junior
M,Antoni
M,Colton
M,Jenson
M,Layton
M,Ross
M,Frederick
M,Maxwell
M,Nicholas
M,Danny
M,Declan
M,Ibrahim
M,Oskar
M,Reggie
M,Shay
M,Zander
M,Alasdair
M,Ashton
M,Cruz
M,Findlay
M,Hayden
M,Jace
M,Kerr
M,Rio
M,Rudi
M,Spencer
M,Taylor
M,Toby
M,Joel
M,Keir
M,Paul
M,Bobby
M,Campbell
M,Kacper
M,Miles
M,Otis
M,Travis
M,Alan
M,Alfred
M,Erik
M,Kevin
M,Marcel
M,Nathaniel
M,Quinn
M,Yusuf
M,Billy
M,Douglas
M,Eden
M,Ewan
M,Jakub
M,Jonah
M,Leonardo
M,Mac
M,Murdo
M,Ronnie
M,Vincent
M,Ali
M,Asher
M,Bailey
M,Enzo
M,Lennox
M,Niall
M,Alistair
M,Colby
M,Francis
M,Julian
M,Keegan
M,Luka
M,Odin
M,Steven
M,Duncan
M,Kade
M,Musa
M,Mustafa
M,Oakley
M,Rex
M,Archer
M,Axel
M,Ayden
M,Caiden
M,Craig
M,Lauchlan
M,Lennon
M,Lukas
M,Maximilian
M,Mylo
M,Nikodem
M,Rocco
M,Rohan
M,Xavier
M,Abel
M,Elias
M,Eric
M,Franciszek
M,Kaleb
M,Karson
M,Kody
M,Lincoln
M,Phoenix
M,Stephen
M,Tristan
M,Abdullah
M,Dexter
M,Ian
M,Jensen
M,Jonathan
M,Richard
M,Zayn
M,Adrian
M,Aleksander
M,Ayaan
M,Bruno
M,Cailean
M,Christian
M,Coby
M,Conall
M,Haris
M,Ivor
M,Kit
M,Lawson
M,Lee
M,Marco
M,Martin
M,Matei
M,Munro
M,Oliwier
M,River
M,Ruari
M,Stanley
M,Szymon
M,Tom
M,Tymon
M,Bruce
M,Darragh
M,Dean
M,Idris
M,Jesse
M,Malcolm
M,Mateo
M,Mikey
M,Nate
M,Omar
M,Preston
M,Ruaraidh
M,Rudy
M,Vinnie
M,Alec
M,Allan
M,Callen
M,Colin
M,Conlan
M,Curtis
M,Dawson
M,Dominik
M,Eddie
M,Greyson
M,Jaxx
M,Kobi
M,Leyton
M,Nairn
M,Nicolas
M,Ralph
M,Seth
M,Shaun
M,Tobias
M,Victor
M,Wiktor
M,Ahmed
M,Albert
M,Archibald
M,Aron
M,Azaan
M,Bear
M,Beau
M,Bodhi
M,Brady
M,Brandon
M,Cairn
M,Chester
M,Clark
M,Coen
M,Damian
M,Donald
M,Drew
M,Fabian
M,Fletcher
M,Hugh
M,Jan
M,Joe
M,Kalvin
M,Karter
M,Kayson
M,Leonard
M,Lyall
M,Mack
M,Marley
M,Marshall
M,Micah
M,Muhammed
M,Nikolas
M,Philip
M,Rafael
M,Stefan
M,Stewart
M,Torin
M,Will
M,Abdul
M,Ahmad
M,Amir
M,Ari
M,Blaine
M,Bryce
M,Cade
M,Casey
M,Clayton
M,Denis
M,Eesa
M,Eoin
M,Frank
M,Freddy
M,Gary
M,Glen
M,Hamza
M,Hassan
M,Hector
M,Ismaeel
M,Ivan
M,Ivar
M,Kenzie
M,Killian
M,Koby
M,Kole
M,Leighton
M,Matteo
M,Mikolaj
M,Millar
M,Mitchell
M,Nolan
M,Rayyan
M,Rogan
M,Saul
M,Syed
M,Tate
M,Ace
M,Ajay
M,Albi
M,Aydin
M,Borys
M,Brayden
M,Conan
M,Cory
M,Edan
M,Fynn
M,Gordon
M,Hughie
M,Ismail
M,Jaiden
M,Lenny
M,Lockie
M,Loki
M,Mackenzie
M,Malachy
M,Mohamed
M,Olivier
M,Otto
M,Ramsay
M,Rayan
M,Remy
M,Romeo
M,Sami
M,Sandy
M,Shae
M,Shane
M,Stuart
M,Wyatt
M,Zakariya
M,Alastair
M,Ally
M,Anton
M,Avery
M,Ayan
M,Barclay
M,Bjorn
M,Cayden
M,Colt
M,Corran
M,Dawid
M,Emmanuel
M,Forrest
M,Gavin
M,Grant
M,Hubert
M,Ignacy
M,Jaden
M,Jakob
M,Johnny
M,Justin
M,Kane
M,Kilian
M,Kodi
M,Korey
M,Kylo
M,Kyran
M,Lachlann
M,Maksymilian
M,Marc
M,Maximus
M,Niven
M,Noel
M,Odhran
M,Oisin
M,Ralphie
M,Ritchie
M,Roan
M,Roddy
M,Rueben
M,Rupert
M,Ryley
M,Santiago
M,Seamus
M,Simon
M,Stanislaw
M,Tymoteusz
M,Vinny
M,Walter
M,Wren
M,Yahya
M,Zain
M,Ailbe
M,Anderson
M,Andy
M,Antonio
M,Aodhan
M,Arjan
M,Artur
M,Aryan
M,Ashley
M,August
M,Aulay
M,Ayman
M,Brendan
M,Brian
M,Caden
M,Cailen
M,Calder
M,Carlos
M,Casper
M,Conlyn
M,Cormac
M,Dale
M,Dalton
M,Damon
M,Danish
M,Dante
M,Darius
M,Darren
M,Daryl
M,Deacon
M,Dennis
M,Dougal
M,Eoghan
M,Ernest
M,Fionn
M,Ford
M,Fox
M,Franklin
M,Georgie
M,Gray
M,Haider
M,Harper
M,Iain
M,Ianis
M,Igor
M,Isaiah
M,Issac
M,Jai
M,Jonas
M,Kaden
M,Kailen
M,Keanu
M,Kingsley
M,Knox
M,Kobe
M,Koen
M,Kolby
M,Kolton
M,Krystian
M,Kyron
M,Laith
M,Laurie
M,Leland
M,Lleyton
M,Loui
M,Maddox
M,Markus
M,Mateusz
M,Mathew
M,Natan
M,Oli
M,Orion
M,Orrin
M,Orson
M,Patryk
M,Rafe
M,Raphael
M,Ray
M,Raymond
M,Seumas
M,Solomon
M,Tadhg
M,Ted
M,Teddie
M,Tiernan
M,Tierney
M,Timothy
M,Torrin
M,Wallace
M,Wesley
M,Yousaf
M,Yousef
M,Yousif
M,Alejandro
M,Alessandro
M,Alexandros
M,Aonghas
M,Archy
M,Ares
M,Armaan
M,Aydan
M,Baxter
M,Beauden
M,Benedict
M,Bertie
M,Blayne
M,Bowie
M,Broden
M,Bryan
M,Buddy
M,Caolan
M,Cayde
M,Chase
M,Che
M,Coll
M,Colson
M,Conner
M,Corrie
M,Damien
M,Daniyal
M,Danyal
M,Dario
M,Devlin
M,Dillon
M,Dorian
M,Eamon
M,Edmund
M,Emil
M,Emmett
M,Ewen
M,Finnlay
M,Forbes
M,Francesco
M,Franco
M,Gerard
M,Giovanni
M,Grey
M,Hadley
M,Harlow
M,Haydn
M,Heath
M,Howie
M,Ibraheem
M,Jameson
M,Jayce
M,Jonny
M,Judah
M,Jura
M,Kaelan
M,Kelvin
M,Khalid
M,Kurtis
M,Kyan
M,Laurence
M,Leonidas
M,Lomond
M,Lorcan
M,Lorenzo
M,Luis
M,Maison
M,Mayson
M,Michal
M,Milosz
M,Morgan
M,Murphy
M,Ossian
M,Ozzy
M,Pearse
M,Raheem
M,Rehan
M,Ronald
M,Santino
M,Sawyer
M,Seonaidh
M,Shaye
M,Soren
M,Sulaiman
M,Sullivan
M,Tomas
M,Tommie
M,Vivaan
M,Wilfred
M,Yunus
M,Zachariah
M,Zakaria
M,Aahil
M,Aaran
M,Aarav
M,Aayansh
M,Abdallah
M,Abe
M,Abraham
M,Alexandru
M,Amos
M,Aonghus
M,Apollo
M,Arham
M,Arjun
M,Armando
M,Arron
M,Arryn
M,Asa
M,Ash
M,Austen
M,Baillie
M,Bentley
M,Bo
M,Bowen
M,Braxton
M,Brooklyn
M,Caelen
M,Caelin
M,Cai
M,Cairo
M,Cal
M,Camden
M,Carter-James
M,Cassius
M,Cayson
M,Cezary
M,Chay
M,Cjay
M,Clyde
M,Cobie
M,Cobyn
M,Copland
M,Cullen
M,Damir
M,Dara
M,Dax
M,Denver
M,Devon
M,Dhruv
M,Diego
M,Dilan
M,Elis
M,Emilio
M,Emin
M,Ernie
M,Finnley
M,Franky
M,Frazer
M,Fred
M,Gene
M,Gethin
M,Gino
M,Graham
M,Greig
M,Guy
M,Hamzah
M,Hasnain
M,Hendrik
M,Himmat
M,Innis
M,Ioannis
M,Iustin
M,Izaac
M,Jak
M,Jaxen
M,Jayson
M,Jed
M,Jimmy
M,John-James
M,Kabir
M,Kadyn
M,Kaidyn
M,Kaii
M,Kairo
M,Kajus
M,Kallum
M,Kalvyn
M,Kamil
M,Karol
M,Kaylen
M,Keelan
M,Keiran
M,Keith
M,Kenneth
M,Klay
M,Koah
M,Kohen
M,Kornel
M,Kye
M,Kylan
M,Kyson
M,Lars
M,Leif
M,Lloyd
M,Lochie
M,Lochlann
M,Lochlyn
M,Lucca
M,Macaulay
M,Mackie
M,Malik
M,Manuel
M,Mario
M,Marlow
M,Matas
M,Matias
M,Maverick
M,Maxim
M,Micheal
M,Milan
M,Mohamad
M,Neil
M,Nicky
M,Noa
M,Omer
M,Orin
M,Orlando
M,Osten
M,Ovie
M,Paolo
M,Pierce
M,Piotr
M,Prince
M,Quinten
M,Raife
M,Ralphy
M,Rami
M,Rayaan
M,Reagan
M,Reid
M,Reign
M,Reilly
M,Reiss
M,Rhudi
M,Rian
M,Richie
M,Ricky
M,Roberts
M,Roland
M,Rowen
M,Roy
M,Ruan
M,Rufus
M,Rui
M,Saif
M,Sammy
M,Shayan
M,Sidney
M,Sigurd
M,Stan
M,Teo
M,Theodor
M,Thorfinn
M,Toran
M,Tyler-James
M,Tyrone
M,Vincenzo
M,Weston
M,Wilbur
M,Woody
M,Yahia
M,Youssef
M,Yousuf
M,Zalan
M,Zayaan
M,Zayne
M,Zion
M,A
M,A-Jay
M,Aaryan
M,Aaryn
M,Aayan
M,Abdulaziz
M,Abdulrahman
M,Abdurrahman
M,Abu
M,Adeel
M,Aden
M,Adie
M,Aditya
M,Adlai
M,Adley
M,Adriel
M,Advay
M,Ahyaan
M,Aian
M,Aidyn
M,Ajit
M,Alisdair
M,Aliyaan
M,Alyaan
M,Amjad
M,Andreas
M,Andrej
M,Andres
M,Antony
M,Aran
M,Argyle
M,Arian
M,Arin
M,Aris
M,Arish
M,Arlen
M,Arlie
M,Armand
M,Aros
M,Arsalan
M,Artin
M,Aston
M,Atholl
M,Atlas
M,Aubrey
M,Auley
M,Azeem
M,Azlan
M,Baker
M,Balfour
M,Baran
M,Barnaby
M,Barry
M,Basil
M,Beaux
M,Benji
M,Bennett
M,Benni
M,Benny
M,Bilal
M,Blaise
M,Blakely
M,Blane
M,Blayke
M,Boyan
M,Braiden
M,Bram
M,Brax
M,Bray
M,Braydon
M,Briar
M,Brodi
M,Brogan
M,Bryden
M,Bryson
M,Buzz
M,Byron
M,C-Jay
M,Caeleb
M,Cailan
M,Caillan
M,Cain
M,Caio
M,Calan
M,Cammy
M,Caoimhin
M,Casen
M,Caspian
M,Cassidy
M,Chace
M,Charley
M,Charlie-James
M,Chris
M,Christy
M,Clarke
M,Clay
M,Coben
M,Cobey
M,Cohan
M,Cole-James
M,Colm
M,Corin
M,Crawford
M,Cyrus
M,Daire
M,Dallas
M,Darach
M,Darryl
M,Darwin
M,Dashiell
M,David-James
M,Davis
M,Daxton
M,Dayle
M,Deen
M,Deniz
M,Denny
M,Derek
M,Derry
M,Devansh
M,Devin
M,Devyn
M,Dillan
M,Domantas
M,Dominykas
M,Donovan
M,Dovydas
M,Eamonn
M,Easton
M,Eddy
M,Edwin
M,Eesah
M,Eisa
M,Ekam
M,Elijus
M,Elisei
M,Eliyas
M,Ellias
M,Emanuel
M,Emils
M,Emlyn
M,Emmet
M,Erick
M,Erland
M,Ernesto
M,Eryk
M,Esa
M,Essa
M,Eugene
M,Eyad
M,Faustas
M,Fawaz
M,Fayzan
M,Finan
M,Finnan
M,Finnian
M,Fintan
M,Florin
M,Francisco
M,Frederik
M,Fredrik
M,Fyfe
M,Gareth
M,Garry
M,Gennaro
M,Geordie
M,Gerry
M,Ghazi
M,Gibson
M,Glenn
M,Graison
M,Greg
M,Grier
M,Guthrie
M,Haaris
M,Hadi
M,Harlen
M,Harlie
M,Haroun
M,Harri
M,Hasan
M,Hashim
M,Haytham
M,Hendrix
M,Henrik
M,Herkus
M,Hussain
M,Huxley
M,Isaak
M,Ishaan
M,Ismael
M,Israel
M,Iver
M,Ivo
M,Izaya
M,Izhaan
M,Jacek
M,Jacob-James
M,Jacques
M,Jad
M,Jaidyn
M,Jakson
M,Jamieson
M,Jared
M,Jaydan
M,Jeremiah
M,Jerry
M,Jett
M,Jimi
M,Jimmie
M,Johannes
M,Johnathon
M,Johnnie
M,Jordi
M,Jordy
M,Jose
M,Josiah
M,Jovan
M,Julius
M,Kaan
M,Kael
M,Kaid
M,Kaide
M,Kal
M,Kallan
M,Kanin
M,Karam
M,Kareem
M,Kash
M,Kason
M,Kasper
M,Kaylan
M,Keaghan
M,Kenny
M,Ker
M,Keyaan
M,Keyan
M,Khaled
M,Khalil
M,Kier
M,King
M,Kingston
M,Kinlay
M,Klae
M,Kobie
M,Kobin
M,Kobyn
M,Kodie
M,Kolbi
M,Konstanty
M,Kory
M,Kray
M,Krishiv
M,Ksawery
M,Kuba
M,Kwabena
M,Kylian
M,Kyrin
M,Kyro
M,Laird
M,Landon
M,Lawrence
M,Layne
M,Layton-James
M,Lewie
M,Lio
M,Llewyn
M,Loghan
M,Louka
M,Luan
M,Luc
M,Lucas-Scott
M,Luciano
M,Lucifer
M,Ludovico
M,Lyal
M,Mahir
M,Mahmood
M,Maks
M,Malachi
M,Mani
M,Manveer
M,Marlo
M,Marty
M,Martyn
M,Mason-James
M,Matisse
M,Matt
M,Maxime
M,Mckenzie
M,Md
M,Mehmed
M,Mehmet
M,Mete
M,Mihail
M,Mikal
M,Mike
M,Mikkel
M,Millen
M,Miran
M,Mitch
M,Mohab
M,Moiz
M,Montgomery
M,Monty
M,Moray
M,Morris
M,Mubeen
M,Murdoch
M,Nali
M,Natanael
M,Nathanael
M,Nawaz
M,Nihaal
M,Nihal
M,Nikolai
M,Nikolaos
M,Nile
M,Nixon
M,Nyle
M,Obadiah
M,Oban
M,Ocean
M,Olaf
M,Omari
M,Oren
M,Orran
M,Oryn
M,Oskaras
M,Padraig
M,Paulo
M,Pip
M,Qusay
M,Radin
M,Raef
M,Rafferty
M,Raffi
M,Reegan
M,Regan
M,Rehaan
M,Remi
M,Reo
M,Reon
M,Reve
M,Rhiley
M,Rhoan
M,Rhogan
M,Rhu
M,Riccardo
M,Roderick
M,Romi
M,Ronin
M,Roran
M,Roscoe
M,Roux
M,Ruaidhri
M,Russell
M,Saad
M,Sahil
M,Salahuddin
M,Samarth
M,Samy
M,Satvik
M,Seb
M,Seoras
M,Serge
M,Shahwaiz
M,Siddhant
M,Somhairle
M,Sorley
M,Sorren
M,Stevie
M,Stirling
M,Storm
M,Subhan
M,Sufyaan
M,Sunny
M,Tavish
M,Teejay
M,Teodor
M,Terry
M,Thierry
M,Thomas-James
M,Thomas-John
M,Thomson
M,Thorin
M,Thurston
M,Tiarnan
M,Tim
M,Tjay
M,Tommaso
M,Torben
M,Toren
M,Torran
M,Ty
M,Tyson
M,Umar
M,Vance
M,Veer
M,Viggo
M,Vihaan
M,Viktor
M,Vito
M,Wali
M,Wassim
M,Wayne
M,Wojciech
M,Yasser
M,Yichen
M,Yohaan
M,Younes
M,Younis
M,Yusef
M,Yuvraj
M,Zakk
M,Zane
M,Zayd
M,Zeno
M,Zidan
M,Zidane
M,Aadam
M,Aaden
M,Aadhvik
M,Aafiq
M,Aanhad
M,Aansh
M,Aaren
M,Aarib
M,Aarish
M,Aariz
M,Aaroh
M,Aarush
M,Aaryansh
M,Aathiran
M,Aaycen
M,Aayush
M,Abbas
M,Abdalah
M,Abdalla
M,Abdelmoneim
M,Abdoulie
M,Abduallah
M,Abdul-Ahad
M,Abdul-Bari
M,Abdul-Hameed
M,Abdul-Mannan
M,Abdul-Rahman
M,Abdulhamid
M,Abdulrazzaq
M,Abduraheem
M,Abdussalam
M,Abhainn
M,Abhav
M,Abhyuday
M,Abid
M,Abinav
M,Abiral
M,Abiselom
M,Aboubacar
M,Abrahim
M,Abtin
M,Abubakar
M,Abyan
M,Acee
M,Achilleas-Markus
M,Achim
M,Adamas
M,Adas
M,Addhafir
M,Addley
M,Adebare
M,Adekunle
M,Adelin
M,Adem
M,Aden-James
M,Adheen
M,Adhrith
M,Adhvik
M,Adi
M,Adil
M,Adimchinobi
M,Adonis
M,Adriano
M,Adrians
M,Adrius
M,Advith
M,Aedan
M,Aemil
M,Aengus
M,Aeryn
M,Afolabi
M,Agha
M,Agham
M,Agostino
M,Ahaan
M,Ahad
M,Ahil
M,Ahlby
M,Ahran
M,Ahren
M,Ahyan
M,Ai-J
M,Aibrahym
M,Aidy
M,Aijaz
M,Ailbie
M,Aimar
M,Ainey
M,Airith
M,Aiven
M,Aiyden
M,Aizen
M,Aj
M,Ajus
M,Akaal
M,Akil
M,Akim
M,Akinmade
M,Akram
M,Aksel
M,Al-Waasi
M,Alaa
M,Alaistair
M,Alan-John
M,Alanas
M,Albie-James
M,Albus
M,Alby
M,Alden
M,Aldo
M,Alec-John
M,Aled
M,Aleksander-Benjamin
M,Alexandar
M,Alexander-George
M,Alexander-James
M,Alexander-John
M,Alexander-Leigh
M,Alexandre
M,Alexey
M,Alexios
M,Alfee
M,Alfie-James
M,Alfie-Jay
M,Alfie-Jorge
M,Alfons
M,Alijah
M,Aljaili
M,Allaric
M,Allister
M,Almir
M,Alp
M,Alric
M,Alston
M,Alvaro
M,Alvin
M,Aly
M,Amaan
M,Aman
M,Amanvir
M,Amar
M,Ambrose
M,Ameer
M,Amen
M,Amer
M,Ammar
M,Amour
M,Anaf
M,Anakin
M,Ananda
M,Anas
M,Andhrianos
M,Andhuvan
M,Andi
M,Andikan
M,Andra
M,Andras
M,Andreas-Zachari
M,Andrei
M,Andrejus
M,Andrey
M,Andrzej
M,Anees
M,Anel
M,Angad
M,Angadbir
M,Angel
M,Angelo
M,Angelos
M,Angus-Sofus
M,Anirudh
M,Ano
M,Anoor
M,Ansumana
M,Antek
M,Anthony-Richard
M,Antoine
M,Anwar
M,Aqeel
M,Arash
M,Archi
M,Archibald-Blu
M,Archie-James
M,Archie-John
M,Ardan
M,Ardashir
M,Arden
M,Ardhy
M,Ardyn
M,Areen
M,Argyll
M,Arib
M,Aric
M,Ariel
M,Arif
M,Arijus
M,Ariko
M,Ario
M,Arion
M,Aristides
M,Aristotelis
M,Arkadiusz
M,Arkyn
M,Arlo-James
M,Arlow
M,Arlyn
M,Armani
M,Arne
M,Arno
M,Arnold
M,Aroj
M,Arrian
M,Arris
M,Arsal
M,Arsam
M,Arsel
M,Arsh
M,Arsham
M,Art
M,Arteel
M,Artemios
M,Arthur-George
M,Artie
M,Artioma
M,Arto
M,Arturo
M,Artyom
M,Arun
M,Arvis
M,Arwen
M,Arya
M,Aryanathan
M,Asaf
M,Aser
M,Ashar
M,Ashdon
M,Ashim
M,Ashmith
M,Ashtin
M,Asif
M,Aslan
M,Asmatullah
M,Assem
M,Aster
M,Aston-James
M,Atanas
M,Ather
M,Atiba
M,Atilla
M,Atticus
M,Aubyn
M,Auf
M,Augustine
M,Augustus
M,Augustyn
M,Aurrie
M,Austan-James
M,Avehe
M,Aven
M,Avi
M,Avraam
M,Avraj
M,Avtej
M,Aws
M,Awsan
M,Axll
M,Ayaansh
M,Ayank
M,Ayaz
M,Aydn
M,Ayomide
M,Ayomikun
M,Ayoub
M,Ayrton
M,Ayrun
M,Ayryn
M,Ayush
M,Ayyub
M,Ayzak
M,Azhaan
M,Azhan
M,Azhar
M,Aziz
M,Azmayen
M,Azmi
M,Azzam
M,Bacar
M,Badr
M,Bakri
M,Baldur
M,Baley
M,Balil
M,Banar
M,Baraa
M,Barima
M,Barkley
M,Barnabas
M,Barney
M,Barok
M,Barryjohn
M,Bartholomew
M,Bashir
M,Bassel
M,Bastian
M,Batyr
M,Bauer
M,Bayer
M,Bazil
M,Beaufort
M,Beck
M,Becker
M,Bekk
M,Bellamy-Blake
M,Bemnet
M,Benas
M,Bence
M,Bendeguz
M,Beniah
M,Beniamin
M,Benjymin
M,Benley
M,Benneit
M,Bennet
M,Bennie
M,Bernard
M,Bernardo
M,Bevan
M,Bhavtaz
M,Bhrodi
M,Billie
M,Billy-Lee
M,Binyamin
M,Biwar
M,Bligh
M,Blu
M,Blue
M,Boaz
M,Bobbie
M,Bobby-Dylan
M,Boden
M,Bodie
M,Boe
M,Bogdan
M,Bomen
M,Bon
M,Borislav
M,Boyd
M,Bracken
M,Brad
M,Braden
M,Bradley-Findlay
M,Bradley-Junior
M,Bradyn
M,Braidan
M,Braith
M,Brajens
M,Bran
M,Brandan
M,Brandyn
M,Branik
M,Branimir
M,Brannon
M,Braun-George
M,Braxton-Lee
M,Braxx
M,Braylon
M,Brayson
M,Brenden
M,Brendyn
M,Brent
M,Brentley
M,Brently
M,Bret
M,Brett
M,Brinley
M,Brixton
M,Broadie
M,Brock
M,Brodan
M,Brodhi
M,Brodi-Lewis
M,Brook-Levi
M,Brooklin
M,Bruin
M,Brylie
M,Bryn
M,Burhan
M,Cabe
M,Caeben
M,Caedan
M,Caeden
M,Caellum
M,Caelum
M,Caide
M,Caie
M,Caison
M,Caius
M,Cale
M,Caleb-Jai
M,Caleb-Jordan
M,Calen
M,Calix
M,Callaghan
M,Callie
M,Calumn
M,Calyn
M,Cambell
M,Camdyn
M,Canelo
M,Captain
M,Carl-John
M,Carlo
M,Carrick
M,Carsyn
M,Carta
M,Cash
M,Caspar
M,Cassian
M,Cathal
M,Cavan
M,Caylabe
M,Caylan
M,Cayleb
M,Caylen
M,Cayne
M,Cayrn
M,Caysen
M,Cedric
M,Ceejay
M,Chance
M,Chang
M,Chaniel
M,Charis
M,Charli
M,Charlie-Paul
M,Charlie-Ryan
M,Chayse
M,Cheaunce
M,Cheng
M,Chet
M,Chidera
M,Chideziri
M,Chidozie
M,Chidubem
M,Chikamso
M,Chimzorom
M,Chizaram
M,Christin
M,Christopher-Jack
M,Chukwudum
M,Chukwuemeka
M,Cianan
M,Ciar
M,Ciaren
M,Ciprian
M,Cj
M,Claiton
M,Claye
M,Clint
M,Cobain
M,Coban
M,Cobi
M,Cobie-Cruz
M,Cobin
M,Codey
M,Codie
M,Cody-Joe
M,Cody-Ross
M,Coen-Knox
M,Coeray
M,Coghan
M,Coinneach
M,Coinneach-James
M,Coleton
M,Coletyn
M,Colla
M,Collins
M,Colton-James
M,Conal
M,Conic
M,Conley
M,Conlie
M,Conlin
M,Conlon
M,Connach
M,Connah
M,Connaire
M,Connal
M,Connall
M,Connan
M,Connell
M,Connelly
M,Connovar
M,Conrad
M,Constantin
M,Cooper-Jay
M,Copelyn
M,Corban
M,Cori
M,Cormack
M,Cornel
M,Corr
M,Corrin
M,Cory-Jay
M,Cosimo
M,Cosmo
M,Craig-Junior
M,Crew
M,Cristian
M,Crue
M,Cruz-Orson
M,Cruze
M,Cuillan
M,Cuillin
M,Cullan
M,Cullin
M,Cuthbert
M,Cye
M,Cyprian
M,Cyva
M,Daario
M,Dacre
M,Daelan
M,Daithi
M,Daividh
M,Daley
M,Dalin
M,Dalloch
M,Damilare
M,Dan
M,Daniel-James
M,Danielius
M,Danielle
M,Daniels
M,Dany
M,Danyil-James
M,Daragh
M,Darah
M,Darcy
M,Darien
M,Darin
M,Darius-James
M,Darius-Simion
M,Darman
M,Darrach
M,Darrah
M,Darrian
M,Darroch
M,Davey
M,David-Mihai
M,Dawood
M,Dawud
M,Deacyn
M,Deakyn
M,Deane
M,Deceneu
M,Deivik
M,Delaney
M,Dempsey
M,Denni
M,Dennis-Ray
M,Dennon-Lee
M,Deontay
M,Deonte
M,Deran
M,Deric
M,Derrin
M,Desireoluwa
M,Devan
M,Dexi
M,Dhanwin
M,Dhilan
M,Dhillon
M,Dhruvik
M,Dhul-Kifl
M,Dhyan
M,Diar
M,Dicaprio
M,Dimitris
M,Dinis
M,Diogo
M,Diwan
M,Dixon
M,Diyan
M,Diyar
M,Djawad
M,Dobromir
M,Dolan
M,Dolton
M,Doltyn
M,Dom
M,Dome
M,Domhnall
M,Dominican
M,Don
M,Donatello
M,Donn
M,Donnacha
M,Donnie
M,Dougie
M,Draven
M,Dray
M,Dre
M,Dru
M,Drummond
M,Druss
M,Dudley
M,Duffy
M,Duke
M,Duncan-Iain
M,Duncan-James
M,Dwayne
M,Dyllon
M,Dziugas
M,Eben
M,Ebenezer
M,Ebou
M,Ebubechukwu
M,Eddie-James
M,Eddison
M,Edgar
M,Edison
M,Edric
M,Edsger
M,Eduardo
M,Efren
M,Egan
M,Ehab
M,Ehsan
M,Ehsin
M,Eijaz
M,Eilif
M,Einar
M,Eisei
M,Ekamveer
M,Ektoras
M,Elai
M,Elan
M,Eldon
M,Elia
M,Eliad
M,Eliav
M,Elihu
M,Elijah-Ilyas
M,Elijah-Ray
M,Elinewinga
M,Elio
M,Eliot
M,Elisha
M,Eliss
M,Eliyah
M,Eljay
M,Ellison
M,Elouan
M,Eloy
M,Eluid
M,Elwyn
M,Elyas
M,Emery
M,Emile
M,Emiliano
M,Emilien
M,Emilios
M,Emir
M,Emory
M,Emre
M,Emry
M,Eneko
M,Ennio
M,Enoch
M,Enol
M,Enrico
M,Enrique
M,Enxu
M,Enzo-Roman
M,Eoghann
M,Eray
M,Eriksen
M,Erlend
M,Ermia
M,Ermias
M,Errol
M,Eryx
M,Erzhan
M,Eshaan
M,Eshan
M,Estifanos
M,Etanas
M,Ethan-James
M,Ethan-Noah
M,Ethan-Patrick
M,Evaan
M,Evanas
M,Evander
M,Everett
M,Evrin
M,Eyaad
M,Eythan
M,Eyuel
M,Ezechiel
M,Ezekiel
M,Fabien
M,Fabio
M,Fabricio
M,Fabrizio
M,Fadil
M,Fady
M,Fahad
M,Fahid
M,Faizan
M,Fajr
M,Fanmo
M,Faraquhar
M,Fares
M,Farhaz
M,Faris
M,Fariz
M,Farzan
M,Fateh
M,Fathy
M,Fawn
M,Fayez
M,Feliks
M,Felipe
M,Fenton
M,Ferdinand
M,Fergie
M,Ferguson
M,Fernando
M,Ferris
M,Fiachra
M,Fida
M,Filimoni
M,Fillan
M,Fin
M,Finch
M,Finlay-Carter
M,Finnegan
M,Finnick
M,Finnlaogh
M,Fionnain
M,Firas
M,Fjonn
M,Flavius
M,Floyd
M,Floyd-Kasper
M,Foley
M,Forest
M,Foster
M,Fowler
M,Foxx
M,Franek
M,Freddi
M,Fredrick
M,Fryderyk
M,Fulton
M,Furkan
M,Fynnlay
M,Gabrial
M,Gael
M,Gaius
M,Galin
M,Gallacher
M,Gallagher
M,Garon
M,Garrett
M,Gavyn
M,Gearoid
M,Genesis
M,Georgy
M,Gerasimos
M,Geuomata
M,Ghulam
M,Gianfranco
M,Gianluca
M,Gianluigi
M,Gideon
M,Gillen
M,Gillie
M,Giorgio
M,Giuseppe
M,Gniewomir
M,Golam
M,Golibe
M,Gorkem
M,Graedyn
M,Graeme
M,Gregory
M,Greysen
M,Griffin
M,Gryffen
M,Gryffin
M,Gryfin
M,Guilherme
M,Gunnar
M,Gunner
M,Guravi
M,Gurekam
M,Gurfateh
M,Gurnoor
M,Gurwansh
M,Gurzack
M,Gus
M,Gustav
M,Gustavo
M,Gyan
M,Habibur
M,Hadee
M,Hadis
M,Hagen
M,Haidar
M,Haidara
M,Haiden
M,Haigan
M,Haighden
M,Hakan
M,Hakeem
M,Halden
M,Hale
M,Hamdaan
M,Hamdan
M,Hamdo
M,Hamed
M,Hank
M,Hannes
M,Hanro
M,Hanzala
M,Hao
M,Hao-Yang
M,Harbury
M,Hargun
M,Hari
M,Harlan
M,Harlem
M,Harley-George
M,Harley-John
M,Harley-Raine
M,Harli
M,Harman
M,Harmander
M,Haron
M,Haroon
M,Harrison-Paul
M,Harrisson
M,Harrissyn
M,Harry-James
M,Harun
M,Hayward
M,Hazlain
M,Heavenly
M,Heitor
M,Hemin
M,Hendry
M,Henlie
M,Henri
M,Henryk
M,Hew
M,Hewie
M,Hirad
M,Hiro
M,Hirsa
M,Holden
M,Hollis
M,Horatio
M,Huey
M,Hughie-James
M,Hukam
M,Humphrey
M,Hunter-Fernando
M,Hunter-James
M,Hunter-Jax
M,Hunter-Joel
M,Huntley
M,Hussain-Mahdi
M,Hussam
M,Hussnain
M,Huw
M,Huzaifa
M,Huzaifah
M,Hyaan
M,Hydar
M,Hylton
M,Hyrum
M,Iagan
M,Iason
M,Ibukunoluwa
M,Ifeanyi
M,Ifran
M,Ignas
M,Ignatius
M,Ilbey
M,Ilhaan
M,Ilyane
M,Indi
M,Indy
M,Inioluwa
M,Ionatan
M,Ionut
M,Iordi
M,Iori
M,Iosif
M,Ireoluwakitan
M,Iretioluwa
M,Irvine
M,Isak
M,Ishaq
M,Ishmael
M,Islam
M,Issa
M,Issouf
M,Ivaan
M,Ivarr
M,Iwo
M,Iyvhn
M,Izaan
M,Izack
M,Izaiah
M,Izhaaq
M,Jabez
M,Jabir
M,Jabril
M,Jaceon
M,Jack-Joseph
M,Jack-Junior
M,Jack-Patrick
M,Jackob
M,Jackson-James
M,Jackson-Ryan
M,Jaco
M,Jacob-Jorge
M,Jacob-Scott
M,Jacoby
M,Jacopo
M,Jacub
M,Jacus
M,Jafar
M,Jafian
M,Jaidan
M,Jaidon
M,Jaikaar
M,Jaime
M,Jaison
M,Jamaal
M,James-Dean
M,James-Iain
M,James-John
M,James-Lee
M,James-Malik
M,Jamie-Paul
M,Jann
M,Janyar
M,Jarrett
M,Jarvis
M,Jase
M,Jaskirat
M,Jason-Nathan
M,Jasper-Jack
M,Jassar
M,Jaswinder
M,Jaxn
M,Jaxon-Conner
M,Jaxon-James
M,Jaxton
M,Jaxxon
M,Jayce-James
M,Jaycob
M,Jayden-James
M,Jaydin
M,Jaydn
M,Jaydon
M,Jayjay
M,Jaylen
M,Jaymes
M,Jaymie
M,Jedd
M,Jedemiah
M,Jedrzej
M,Jeff
M,Jekabs
M,Jem
M,Jennson
M,Jensen-James
M,Jeremi
M,Jeremiasz
M,Jeremy
M,Jerome
M,Jerzy
M,Jeshwin
M,Jesse-Rae
M,Jethro
M,Jetson
M,Jhon
M,Jia
M,Jidenna
M,Jie
M,Jihan
M,Jinchen
M,Jip
M,Jj
M,Joash
M,Jock
M,Jockey
M,Joe-Louis
M,Joey-James
M,Joey-Jorge
M,Johan
M,John-Anthony
M,John-Boy
M,John-Jameson
M,John-Jaxson
M,John-Mason
M,John-Paul
M,John-Robert
M,Johnathan
M,Johnnymartin
M,Johnson
M,Joie
M,Jokubas
M,Jon
M,Jon-Jo
M,Jonatan
M,Jonathon
M,Jonathon-James
M,Jonjo
M,Jonnie
M,Jordan-James
M,Jordanpreet
M,Joris
M,Joseph-Lewis
M,Joshdeep
M,Joshuaa
M,Josie
M,Joss
M,Jotham
M,Juan
M,Judge
M,Jugraj
M,Jujhar
M,Julyous
M,Junior-John
M,Juniper
M,Kabinga
M,Kabyn
M,Kace
M,Kacen
M,Kachi
M,Kachimsideya
M,Kachiside
M,Kaelen
M,Kaelenn
M,Kaelo
M,Kaesen
M,Kaeson
M,Kahlo
M,Kaiden-Jay
M,Kail
M,Kailan
M,Kailum
M,Kain
M,Kaine
M,Kainen
M,Kairi
M,Kairn
M,Kairney
M,Kairon
M,Kaiser
M,Kaison
M,Kajetan
M,Kalabe
M,Kalan
M,Kaleab
M,Kalin
M,Kalleb
M,Kallen
M,Kaloyan
M,Kalub
M,Kalyan
M,Kalyn
M,Kamari
M,Kambel
M,Kambell
M,Kameron
M,Kamsi
M,Kamsiy
M,Karamo
M,Karar
M,Karden
M,Karim
M,Karlyle
M,Karsen
M,Karsyn
M,Karsyon
M,Kartar
M,Karter-Jay
M,Kasen
M,Kasparas
M,Kaspars
M,Kassem
M,Kavan
M,Kayal
M,Kayce
M,Kaycen
M,Kayde
M,Kayden-James
M,Kayleb-Arthur
M,Kaylin
M,Kaylum
M,Kayne
M,Kayra
M,Kaysen
M,Kaziah
M,Kc
M,Keagan
M,Keaten
M,Keegan-James
M,Keeghan
M,Keenan
M,Keevan
M,Keeyano
M,Kei
M,Keian
M,Keiano
M,Keillor
M,Keirney
M,Kel
M,Kelby
M,Kell
M,Kellan
M,Kelso
M,Ken
M,Kenan
M,Kenechukwu
M,Kennor
M,Kenton
M,Kenzo
M,Keqiang
M,Kergan
M,Kesson
M,Kester
M,Keven
M,Kevin-John
M,Keyaan-Imran
M,Khabib
M,Khairan
M,Khalari
M,Khaleb
M,Khason
M,Kheenan
M,Khizr
M,Khodi
M,Kholbie
M,Kholsen
M,Khorie
M,Khumbo
M,Khyrin
M,Kiaren
M,Kiellan
M,Kieran-Leigh
M,Kieren
M,Kierney
M,Kieron
M,Kimonas
M,Kingsley-James
M,Kinley
M,Kinsley
M,Kip
M,Kiran
M,Kirk
M,Klaidas
M,Klayton-Bailey
M,Klayton-Lee
M,Kleon
M,Klyde
M,Koa
M,Koban
M,Koben
M,Koden
M,Kofi
M,Kohan
M,Kol
M,Kolbeinn
M,Kolben
M,Kolbey
M,Kolbie
M,Koldo
M,Kolton-Bleu
M,Koltyn
M,Konall
M,Konlan
M,Konstantin
M,Konstantinos
M,Koray
M,Kori
M,Kosei
M,Koshan
M,Kosisochukwu
M,Kosten
M,Kota
M,Kouper
M,Kove
M,Kovin
M,Koyar
M,Kris
M,Krishnan
M,Kristian
M,Kristiano
M,Kristofer
M,Krithik
M,Kruiz
M,Krystof
M,Krzysztof
M,Ksawier
M,Kshitij
M,Kucha
M,Kush-Veer
M,Kushagra
M,Kuzey
M,Kyann
M,Kyarran
M,Kyfer
M,Kyle-Alexander
M,Kyle-Jay
M,Kylen
M,Kyng
M,Kynzie
M,Kyo
M,Kyran-Kobi
M,Kyrann
M,Kyreece-Leyland
M,Kyren
M,Lachlainn
M,Laic
M,Laich
M,Lairig
M,Lakain
M,Lake
M,Lamar
M,Lance
M,Laowy
M,Larcyn
M,Larson
M,Larsson
M,Lauchie
M,Lauchryn
M,Laucklan
M,Laughlin
M,Lautaro
M,Lavand
M,Lawe
M,Lawi
M,Lawrie
M,Layden
M,Layelwe
M,Laylan
M,Laylind
M,Laytin
M,Layton-Jai
M,Leandro
M,Leeroy
M,Leese
M,Leevi
M,Legend
M,Leicester
M,Leigh
M,Leiland
M,Leith
M,Leithan
M,Leni-Ryan
M,Lenni
M,Lennie
M,Leo-Alexander
M,Leo-Riley
M,Leodhais
M,Leonel
M,Leonhard
M,Leslie
M,Levi-Logan
M,Levii
M,Levison
M,Levko
M,Lewis-James
M,Lewy
M,Lex
M,Leyland
M,Leytyn
M,Liam-Junior
M,Libai
M,Link
M,Linkoln
M,Linus
M,Lionel
M,Lithgow
M,Llewen
M,Lleyton-James
M,Lochiel
M,Lochlan-John
M,Lochlin
M,Lochy
M,Locke
M,Locran-James
M,Locryn
M,Logan-Jack
M,Logan-Joe
M,Logen
M,Lokki
M,Londyn
M,Louan
M,Loucas
M,Louden
M,Loudon
M,Loughlin
M,Louis-James
M,Lowen
M,Lowrie
M,Luai
M,Luca-Andrei
M,Luca-J
M,Lucas-David
M,Lucas-James
M,Lucian
M,Lucio
M,Lucius
M,Ludo
M,Ludovic
M,Lui
M,Luigi
M,Luiz
M,Lukas-James
M,Lukas-Rae
M,Luke-James
M,Lukuz
M,Luqman
M,Lyan
M,Lydon
M,Lylle
M,Lytton
M,Ma'ruf
M,Maanvik
M,Mabroor
M,Macaulay-Martin
M,Macauley
M,Mace
M,Machair
M,Machrie
M,Maciej
M,Macklan
M,Macklen
M,Maclyn
M,Madalin
M,Maddison
M,Maddix
M,Mael
M,Maeson
M,Mahad
M,Mahadi
M,Mahmoud
M,Mahran
M,Mahrous
M,Maiben
M,Maicen
M,Majd
M,Majid
M,Makai
M,Makbel
M,Makeen
M,Maksym
M,Mal'akhi
M,Malachite
M,Malakhi
M,Mk
M,Malick
M,Malikai
M,Malique
M,Mallon
M,Mamadi
M,Manaaki
M,Manasa
M,Mane
M,Maneet
M,Mankirt
M,Manolis
M,Manus
M,Marcas
M,Marcell
M,Marciano
M,Marcos
M,Marin
M,Marino
M,Mariuss
M,Mark-William
M,Markas
M,Marken
M,Marko
M,Markuss
M,Marky
M,Marlon
M,Maro
M,Marro
M,Marshall-Jayden
M,Marti
M,Martynas
M,Mashiyat
M,Mason-John
M,Mason-Junior
M,Mason-Ross
M,Massimo
M,Masyn
M,Mate
M,Mateen
M,Matej
M,Mathew-Robert
M,Mathias
M,Matin
M,Matthias
M,Mattias
M,Mattie
M,Matty
M,Matvei
M,Maurice
M,Maurycy
M,Mawin
M,Max-James
M,Max-Miller
M,Maxx
M,Maxy
M,Mayar
M,Mazin
M,Mcaulay
M,Mccauley
M,Mckinley
M,Mclean
M,Meer
M,Mehmood
M,Mehr
M,Meredith
M,Meshal
M,Metin
M,Michael-Jnr
M,Michael-Paul
M,Michele
M,Mieszko
M,Miguel
M,Mihai
M,Mihan
M,Mikaal
M,Mikele
M,Mikhail
M,Mikyas
M,Milanox
M,Milkas
M,Millan
M,Milne
M,Mio
M,Miransh
M,Mirbey
M,Miro
M,Misael
M,Mischa
M,Mitchel
M,Mivaan
M,Moeen
M,Mohammed-Mustafa-Ali
M,Mohkam
M,Moisa
M,Mokashfy
M,Momin
M,Moncef
M,Monroe
M,Montague
M,Monte
M,Moon
M,Mopewafunjesu
M,Mordecai
M,Moss
M,Moteribafoluwa
M,Motirioluwa
M,Moustafa
M,Moze
M,Muayyad
M,Mudaser
M,Mudassir
M,Mudawi
M,Muhammad-Ahmad
M,Muhammad-Saleh
M,Muhammad-Yasar
M,Muhmmad
M,Muir
M,Mujtaba
M,Mumin
M,Muntasin
M,Muodebelu
M,Murad
M,Murat
M,Murtagh
M,Murtii
M,Murtza
M,Musab
M,Mustaf
M,Muzammil
M,Myer
M,Mykie-James
M,Myler
M,Myron
M,Nabeel
M,Nafil
M,Nalan
M,Narayan
M,Naresi
M,Nasser
M,Nataniel
M,Navraj
M,Nayel
M,Nazal
M,Neasan-Cearnaigh
M,Neason
M,Neavan
M,Ned
M,Neel
M,Neelan
M,Negan
M,Nehan
M,Neo-Nova
M,Nestor
M,Nevada
M,Ngajozikue
M,Nhan
M,Nial
M,Niccolo
M,Nickolas
M,Nicolaos
M,Nicolo
M,Nihaan
M,Nikhilan
M,Niklaus
M,Niko
M,Nikolaj
M,Nikolay
M,Nikos
M,Nilay
M,Niles
M,Nimal
M,Nirvaan
M,Nirvan
M,Nishan
M,Nissim
M,Nkosinathi
M,Nkwenti
M,Nmesomachi
M,Noah-John
M,Noah-Sebastian
M,Noam
M,Noh
M,Noi
M,Nojus
M,Nolen
M,Nollan
M,Noor
M,Nori
M,Norrie
M,Nova
M,Nowfil
M,Noyan
M,Nuin
M,Numair
M,Numan
M,Nurahan
M,Nyan
M,Nye
M,Oakley-Axl
M,Oakley-Ray
M,Odai
M,Oday
M,Odyn
M,Odysseas
M,Oghenetejiri
M,Ohlin
M,Oisean
M,Oktay
M,Oladele
M,Olaitan
M,Olaoluwakitan
M,Olav
M,Ole-Jay
M,Oleg
M,Oleigh
M,Olek
M,Olisaemeka
M,Oliver-Thomas
M,Olivers
M,Oliwer
M,Olli
M,Olly-James
M,Oluwadurotimi
M,Oluwafemi
M,Oluwaferanmi
M,Oluwakorede
M,Oluwatobiloba
M,Omran
M,Onosemudiana
M,Oreoluwakitan
M,Oreon
M,Orevaoghene
M,Orian
M,Oriol
M,Oroghene
M,Orryn
M,Osama
M,Osaretin
M,Osarumwese
M,Osayimwese
M,Osei
M,Oseremen
M,Oshan
M,Osiris
M,Osman
M,Oso
M,Othman
M,Otter
M,Ouzmaan
M,Owain
M,Ozan
M,Ozzi
M,Paagulan
M,Paarth
M,Pablo
M,Pace
M,Pacey
M,Paddy
M,Padruig
M,Paidi
M,Palmas
M,Panayiotis
M,Parkash
M,Parsa
M,Partapdeep
M,Parth
M,Pascal
M,Patrick-Ray
M,Patrik
M,Pau
M,Pauljohn
M,Pavlos
M,Pearce
M,Percy
M,Peregrine
M,Perran
M,Perry
M,Perseus
M,Peru
M,Peter-Francis
M,Petros
M,Petrovich
M,Peyton
M,Pharrell
M,Phenomenal
M,Philippe
M,Phillip
M,Pierre
M,Pieter
M,Pirro
M,Pompeyo
M,Porter
M,Poyraz
M,Pranav
M,Pranay
M,Prasant
M,Preben
M,Prentice
M,Presley
M,Presley-Stuart
M,Princeton
M,Prinze
M,Pritam
M,Qasem
M,Quentin
M,Quillon
M,Quin
M,Quincy
M,Quintin
M,Quinton
M,Quintyn
M,Qusai
M,R
M,Raafat
M,Rabie
M,Radley
M,Rae
M,Raees
M,Raefe
M,Raegan
M,Rafee
M,Raffaele
M,Raffy
M,Ragamegan
M,Ragnar
M,Raheel
M,Rahiz
M,Raigardas
M,Raith
M,Raiyan
M,Raja
M,Rajan
M,Rajveer
M,Rakan
M,Ralphie-Jack
M,Ram
M,Ramie
M,Ramsey
M,Ramy
M,Ramzi
M,Rana
M,Ranbir
M,Randy
M,Ranulf
M,Ranveer
M,Ranvir
M,Ranya
M,Rares
M,Raseem
M,Rashid
M,Rasul
M,Ratu
M,Raul
M,Raul-Andrei
M,Ravi
M,Rawad
M,Rayne
M,Reda
M,Redgie
M,Reed
M,Reevan
M,Reeve
M,Regan-Jayigh
M,Regan-Thomas
M,Regann
M,Reghan
M,Reighan
M,Reilie
M,Reily
M,Reis
M,Remo
M,Remus
M,Ren
M,Renars
M,Renith
M,Renn
M,Rennie
M,Reno
M,Renz
M,Reyaan
M,Reyansh
M,Reyanshdeep
M,Rezgallah
M,Rhemi
M,Rhemi-James
M,Rhett
M,Rhion
M,Rhiver
M,Rhiyash
M,Rhoddy
M,Rhuairidh
M,Rhuan
M,Rhuari
M,Rhuaridh
M,Rhuben
M,Rhuraigh
M,Rhuri
M,Rhylee
M,Rhylie
M,Riagan
M,Rian-James
M,Riario
M,Ricardo
M,Rick
M,Riley-Craig
M,Riminozu
M,Rion
M,Riou
M,Rishaan
M,Rishabh
M,Rishi
M,Rivaansh
M,Riyan
M,Riyver-Raven
M,Roabie
M,Roag
M,Roahdee
M,Roarke
M,Robbie-Brian
M,Robby
M,Robert-Thomas
M,Roberto
M,Robsan
M,Robson
M,Rocci
M,Rocket
M,Rocky
M,Rodaidh
M,Roddie
M,Rodrian
M,Rodrick
M,Roghan
M,Rohaan
M,Rojus
M,Rokka
M,Rokko
M,Rollo
M,Roman-Richard
M,Romano
M,Rome
M,Romeao
M,Ron-Robert
M,Rone
M,Roneet
M,Ronnin
M,Ronny
M,Rorie
M,Rosco
M,Roshan
M,Rossi
M,Rostas
M,Rourke
M,Rox
M,Royce
M,Ruadhagain
M,Ruadhan
M,Ruairy
M,Ruban
M,Ruhan
M,Rukai
M,Rumi
M,Rurie
M,Rustam
M,Ryan-James
M,Ryan-John
M,Ryden
M,Ryder
M,Ryker
M,Rylan
M,Ryland
M,Rylie
M,Ryu
M,Ryver
M,Saahas
M,Saathvik
M,Sabawoon
M,Sabin
M,Sachal
M,Sadiq
M,Sadros
M,Saeed
M,Safet
M,Safwaan
M,Sai
M,Saifullah
M,Saihan
M,Saishankar
M,Saji
M,Salah
M,Saleh
M,Salvation
M,Samanjeet
M,Samba
M,Sambor
M,Samer
M,Samik
M,Samiul
M,Samiullah
M,Samson
M,Samuele
M,Samuil
M,Sancho
M,Sansar
M,Sanvith
M,Sarja
M,Sarok
M,Sasha
M,Sathvik
M,Saud
M,Sawaab
M,Saxton
M,Sayfullah
M,Sayhan
M,Scirocco
M,Scott-Thomass
M,Scout
M,Seanna
M,Seanpaul-James
M,Seeley
M,Segni
M,Sehej
M,Sehejveer
M,Selbie
M,Seleem
M,Semaj
M,Semion
M,Senna
M,Serafim
M,Sergio
M,Severiano
M,Sevuloni
M,Seyed
M,Shaan
M,Shadi
M,Shah
M,Shahroz
M,Shaine
M,Shakeel
M,Shakil
M,Shalahuddin
M,Sharik
M,Shashvinth
M,Shaurya
M,Shaw
M,Shawn
M,Shawn-Thomas
M,Shaya
M,Shayne
M,Shea
M,Shehran
M,Shenouda
M,Sherab
M,Sheyi
M,Shi
M,Shia
M,Shiloh
M,Shiv
M,Shlok
M,Sholto
M,Shouptik
M,Shug
M,Shujah
M,Shuo
M,Siddarth
M,Siddh
M,Siddharth
M,Silisitino
M,Simar
M,Simeon
M,Simko
M,Simone
M,Siyamthanda
M,Skandan
M,Sky
M,Smith
M,Sohail
M,Sol
M,Somtochukwu
M,Sonnie
M,Sophie
M,Sophocles
M,Sorin
M,Soterios
M,Sourya
M,Spence
M,Srafiel
M,Srihan
M,Srihari
M,Stavros
M,Stellan
M,Stepan
M,Sterling
M,Stevan
M,Stevi
M,Stijn
M,Storie
M,Strath
M,Sufyan
M,Suhansh
M,Sukhbir
M,Sukhraj
M,Sukhroop
M,Sulayman
M,Sullee
M,Sultan
M,Sunnie
M,Surya
M,Swanik
M,Swastik
M,Swift
M,Syed-Faizan
M,Sylvan
M,Sylver
M,Szilas
M,Szymek
M,T-Jay
M,Taaylr
M,Taayton
M,Tadeusz
M,Tafari
M,Taij
M,Taim
M,Taimur
M,Taiyo
M,Tajus
M,Taksh
M,Takunda
M,Talha
M,Tamando
M,Tamaratena
M,Tameem
M,Tanush
M,Taotao
M,Tariq
M,Tarka
M,Tarran
M,Taskil
M,Tayim
M,Taylar
M,Tayler
M,Tayte
M,Teddi
M,Teddy-Kevin
M,Tegh
M,Teja
M,Tejas
M,Telfer
M,Temujin
M,Terrence
M,Tesh
M,Thanapat
M,Thanasis
M,Thando
M,Theo-James
M,Theodore-Bear
M,Theodoro
M,Theodric
M,Theon
M,Thiago
M,Thilo
M,Thiral
M,Thomas-Sean
M,Thor
M,Thoriq
M,Tiago
M,Tiam
M,Tianming
M,Tieryne
M,Tiger
M,Tigran
M,Timmothy
M,Timon
M,Timur
M,Timurs
M,Tinashe
M,Tobi
M,Tobiah
M,Tobiasz
M,Tobin
M,Tobius
M,Todd
M,Todor
M,Toma
M,Tomasz
M,Tomaz
M,Tommi
M,Tommy-Hugh
M,Tommy-James
M,Tommy-Lee
M,Tommy-Paul
M,Tommylee
M,Tomos
M,Tomy
M,Toni
M,Topher
M,Tor
M,Torcuil
M,Torkel
M,Toros
M,Torsten
M,Toryn
M,Toviel
M,Traolach
M,Trihaan
M,Trim
M,Triman
M,Tristyn
M,Troy
M,Trump
M,Tsegezeab
M,Tsering
M,Tucker
M,Tudor
M,Tylar
M,Tyree
M,Tyreece
M,Tyrian
M,Tyron
M,Tzanis
M,Udhay
M,Uendjiundja
M,Ugochukwu
M,Uilleam
M,Ukashah
M,Uther
M,Uthman
M,Uwais
M,Vaclav
M,Vajk
M,Valdis
M,Valentino
M,Vali
M,Vansh
M,Vasilis
M,Ved
M,Vedh
M,Venice
M,Venomukona
M,Vergil
M,Viaan
M,Vihan
M,Vikram
M,Vilius
M,Vince
M,Vincentas
M,Vir
M,Visaghan
M,Vishva
M,Vishwam
M,Vittorio
M,Viyaan
M,Wade
M,Waheed
M,Walt
M,Warren
M,Wayu
M,Wei
M,Wen
M,Wes
M,Westen
M,Willum
M,Wilson
M,Wilson-Alexander
M,Wimut
M,Wincent
M,Winter
M,Witold
M,Wolf
M,Woodi
M,Wurrd
M,Xavier-James
M,Xi
M,Xinze
M,Xubin
M,Xzavier
M,Yacob
M,Yacoub
M,Yafi
M,Yanes
M,Yanis
M,Yannis
M,Yared
M,Yaried
M,Yaroslav
M,Yaseen
M,Yasin
M,Yasir
M,Yassin
M,Yassine
M,Yazan
M,Yazdan
M,Yazin
M,Yazn
M,Yedhesshwaran
M,Yoan
M,Yordan
M,Yoseph
M,Yoshan
M,Yosheya
M,Yossarian
M,Youcef
M,Younouss
M,Yu
M,Yug
M,Yule
M,Yunis
M,Yusof
M,Yuvaan
M,Yuzarsif
M,Za'eem
M,Zaak
M,Zaayan
M,Zaceo
M,Zacharia
M,Zacharie
M,Zacharii
M,Zachery
M,Zackary
M,Zackery
M,Zacrhyn
M,Zahi
M,Zahran
M,Zaid
M,Zaiden
M,Zainulabedeen
M,Zak-Lee
M,Zakar
M,Zakariah
M,Zakariyya
M,Zaki
M,Zalvadorro
M,Zario
M,Zave
M,Zayan
M,Zaydaan
M,Zaydan
M,Zayden
M,Zayyan
M,Ze
M,Zebedee
M,Zebicus
M,Zed
M,Zeeshan
M,Zein
M,Zekai
M,Zeke
M,Zen
M,Zephyr
M,Zeppelin
M,Zeus
M,Zhe
M,Zhilin
M,Zhulian-Vesel
M,Zi
M,Zia
M,Zian
M,Zichen
M,Zico
M,Ziggy
M,Zinedine
M,Ziyad
M,Zlatin
M,Zohaib
M,Zohan
M,Zorawar
M,Zsombor
M,Zubair
M,Zulqarnain
M,Zyan
F,Olivia
F,Emily
F,Isla
F,Sophie
F,Ella
F,Ava
F,Amelia
F,Grace
F,Freya
F,Charlotte
F,Jessica
F,Lucy
F,Ellie
F,Sophia
F,Aria
F,Lily
F,Harper
F,Mia
F,Rosie
F,Millie
F,Evie
F,Eilidh
F,Ruby
F,Willow
F,Anna
F,Maisie
F,Hannah
F,Eva
F,Chloe
F,Mila
F,Orla
F,Isabella
F,Ivy
F,Emma
F,Georgia
F,Poppy
F,Robyn
F,Daisy
F,Zara
F,Gracie
F,Holly
F,Skye
F,Esme
F,Sofia
F,Erin
F,Hallie
F,Molly
F,Ayla
F,Emilia
F,Layla
F,Katie
F,Sienna
F,Niamh
F,Alice
F,Amber
F,Bonnie
F,Maya
F,Zoe
F,Ada
F,Hollie
F,Bella
F,Luna
F,Thea
F,Rose
F,Abigail
F,Summer
F,Callie
F,Hope
F,Lexi
F,Iona
F,Elsie
F,Leah
F,Scarlett
F,Julia
F,Violet
F,Myla
F,Harley
F,Eve
F,Imogen
F,Elizabeth
F,Cora
F,Florence
F,Georgie
F,Lilly
F,Matilda
F,Mirren
F,Phoebe
F,Rowan
F,Lola
F,Aurora
F,Evelyn
F,Brooke
F,Clara
F,Lucie
F,Sadie
F,Cara
F,Darcy
F,Nova
F,Penelope
F,Abbie
F,Aila
F,Ailsa
F,Aoife
F,Lottie
F,Lyla
F,Maria
F,Alba
F,Arya
F,Eden
F,Lucia
F,Penny
F,Remi
F,Flora
F,Heidi
F,Mollie
F,Sarah
F,Arabella
F,Eleanor
F,Hanna
F,Harriet
F,Lara
F,Mya
F,Harlow
F,Naomi
F,Rebecca
F,Halle
F,Lena
F,Nina
F,Annie
F,Darcie
F,Eliza
F,Faith
F,Iris
F,Piper
F,Quinn
F,Amy
F,Paige
F,Rachel
F,Amelie
F,Gabriella
F,Indie
F,Kayla
F,Savannah
F,Alyssa
F,Bethany
F,Emilie
F,Lacey
F,Riley
F,Rosa
F,Autumn
F,Hayley
F,Edith
F,Jorgie
F,Ayda
F,Elena
F,Lillie
F,Madison
F,Alexandra
F,Blake
F,Caitlin
F,Jasmine
F,Martha
F,Sara
F,Elise
F,Isobel
F,Orlagh
F,Skylar
F,Ariana
F,Connie
F,Darcey
F,Francesca
F,Frankie
F,Macie
F,Zoey
F,Aaliyah
F,Beth
F,Ellis
F,Lois
F,Megan
F,Stella
F,Victoria
F,April
F,Nora
F,Olive
F,Ariah
F,Cali
F,Eloise
F,Keira
F,Marnie
F,Tilly
F,Annabelle
F,Hazel
F,Libby
F,Lydia
F,Maja
F,Nicole
F,Orlaith
F,River
F,Belle
F,Isabelle
F,Lexie
F,Marley
F,Rhea
F,Zofia
F,Zuzanna
F,Addison
F,Billie
F,Charlie
F,Cleo
F,Lana
F,Lauren
F,Maddison
F,Maia
F,Mylah
F,Nola
F,Blair
F,Elle
F,Liliana
F,Maeve
F,Natalia
F,Payton
F,Saoirse
F,Talia
F,Anastasia
F,Bailey
F,Brooklyn
F,Charley
F,Erica
F,Helena
F,Jessie
F,Khloe
F,Laura
F,Maci
F,Macy
F,Mara
F,Romi
F,Aimee
F,Alisha
F,Ciara
F,Emelia
F,Emmie
F,Leia
F,Lyra
F,Miley
F,Nadia
F,Nieve
F,Peyton
F,Astrid
F,Caoimhe
F,Cerys
F,Eliana
F,Elodie
F,Islay
F,Laila
F,Lilah
F,Neave
F,Zahra
F,Blaire
F,Esmee
F,Fatima
F,Fern
F,Hailey
F,Jess
F,Margaret
F,Norah
F,Seren
F,Aisha
F,Arianna
F,Ariella
F,Brianna
F,Carly
F,Ella-Rose
F,Faye
F,Felicity
F,Fiadh
F,Jennifer
F,Louisa
F,Mairi
F,Maryam
F,Melissa
F,Melody
F,Murron
F,Pippa
F,Taylor
F,Wiktoria
F,Abby
F,Annabel
F,Bobbi
F,Erika
F,Farrah
F,Fearne
F,Freyja
F,Georgina
F,Joanna
F,Kali
F,Maggie
F,Morven
F,Neve
F,Paisley
F,Vaila
F,Vivienne
F,Wren
F,Zainab
F,Alex
F,Amaya
F,Ariya
F,Aurla
F,Avery
F,Beatrice
F,Beau
F,Casey
F,Christina
F,Esther
F,Hana
F,Heather
F,Josie
F,Kate
F,Keeva
F,Leila
F,Mary
F,Winter
F,Aizah
F,Allie
F,Breagha
F,Catherine
F,Effie
F,Emmeline
F,Emmy
F,Esmae
F,Gabriela
F,Harlie
F,Isabel
F,Kiara
F,Lori
F,Mabel
F,Madeleine
F,Margot
F,Mariam
F,Miriam
F,Oliwia
F,Reeva
F,Una
F,Alanna
F,Amara
F,Amelia-Rose
F,Anya
F,Aubrey
F,Cassie
F,Delilah
F,Ebony
F,Edie
F,Eryn
F,Everly
F,Fallon
F,Harper-Rose
F,Josephine
F,Kaitlyn
F,Katherine
F,Kennedy
F,Klara
F,Lillian
F,Minnie
F,Morgan
F,Myah
F,Natalie
F,Nela
F,Nevaeh
F,Nia
F,Noa
F,Perrie
F,Pola
F,Remy
F,Romy
F,Sloane
F,Valentina
F,Alana
F,Alexis
F,Aliyah
F,Amina
F,Anaya
F,Aya
F,Ayesha
F,Carla
F,Claudia
F,Demi
F,Elara
F,Ellie-Mae
F,Elspeth
F,Emelie
F,Farah
F,Hania
F,Haniya
F,Joy
F,Kara
F,Kendall
F,Lacie
F,Lia
F,Marlie
F,Michaela
F,Nyla
F,Pixie
F,Polly
F,Pyper
F,Wynter
F,Yasmin
F,Alayna
F,Alicja
F,Amira
F,Ava-Rose
F,Ayat
F,Camryn
F,Carmen
F,Carys
F,Catriona
F,Dani
F,Darci
F,Eilish
F,Ferne
F,Hali
F,Hareem
F,Harleigh
F,Hayden
F,Jade
F,Juliet
F,Kallie
F,Karis
F,Kayleigh
F,Leona
F,Lila
F,Maisy
F,Meghan
F,Melanie
F,Mirryn
F,Nellie
F,Nuala
F,Pearl
F,Rachael
F,Rona
F,Rylee
F,Ryleigh
F,Safa
F,Siena
F,Skyler
F,Sydney
F,Tara
F,Zarah
F,Aida
F,Aiza
F,Alaya
F,Alia
F,Alicia
F,Alix
F,Amal
F,Aubree
F,Ava-Grace
F,Blanka
F,Blayke
F,Cadence
F,Caitlyn
F,Cassidy
F,Celeste
F,Chelsea
F,Chiara
F,Constance
F,Eadie
F,Ellen
F,Etta
F,Hailie
F,India
F,Ivy-Rose
F,Jorgia
F,Kiana
F,Kyla
F,Louise
F,Margo
F,Merida
F,Milana
F,Milly
F,Miya
F,Mylie
F,Nancy
F,Nell
F,Olivia-Rose
F,Raya
F,Rhona
F,Roisin
F,Ruth
F,Sofie
F,Susanna
F,Syeda
F,Sylvie
F,Verity
F,Adeline
F,Adriana
F,Ailie
F,Alaia
F,Aleksandra
F,Alexandria
F,Alissa
F,Ana
F,Annabella
F,Antonia
F,Antonina
F,Arla
F,Arwen
F,Caragh
F,Celine
F,Claire
F,Diana
F,Ellie-May
F,Elsa
F,Eshal
F,Fatimah
F,Frida
F,Genevieve
F,Gloria
F,Greta
F,Haleema
F,Ida
F,Iga
F,Ilaria
F,Indi
F,Isla-Rose
F,Jorja
F,Juno
F,Kaci
F,Kacie
F,Kadie
F,Katy
F,Kaya
F,Khadija
F,Kirsty
F,Kitty
F,Kyra
F,Leyla
F,Lilia
F,Lilly-Mae
F,Lily-Rose
F,Luci
F,Mackenzie
F,Makayla
F,Marwa
F,Mila-Rose
F,Murren
F,Naya
F,Nelly
F,Noor
F,Oonagh
F,Ottilie
F,Presley
F,Rae
F,Rhia
F,Rhiannon
F,Robin
F,Sally
F,Stefania
F,Tabitha
F,Thalia
F,Vanessa
F,Aayat
F,Abbey
F,Abi
F,Ailidh
F,Ailish
F,Ainsley
F,Aisling
F,Alina
F,Alisa
F,Alma
F,Anastazja
F,Andi
F,Annalise
F,Arwa
F,Aseel
F,Athena
F,Aurelia
F,Avianna
F,Ayra
F,Beatrix
F,Bianca
F,Bianka
F,Blossom
F,Blythe
F,Brodie
F,Charli
F,Clementine
F,Clodagh
F,Daisie
F,Dakota
F,Dana
F,Danni
F,Elin
F,Ella-Louise
F,Elliana
F,Ellie-Rose
F,Ember
F,Emme
F,Esmie
F,Fara
F,Gaia
F,Gia
F,Giulia
F,Gracie-Mae
F,Hafsa
F,Hayleigh
F,Inaaya
F,Ingrid
F,Izabella
F,Jana
F,Jenny
F,Joni
F,Kady
F,Kasey
F,Kiera
F,Kira
F,Kylie
F,Lea
F,Lilianna
F,Lilith
F,Lily-Mae
F,Lina
F,Macey
F,Mae
F,Maeva
F,Maiya
F,Marcella
F,Marcie
F,Marcy
F,May
F,Mckenna
F,Meadow
F,Melina
F,Mhairi
F,Nikola
F,Noelle
F,Orlaigh
F,Peggy
F,Ramona
F,Rayne
F,Rebeca
F,Rosalie
F,Rosanna
F,Rylie
F,Silver
F,Skyla
F,Star
F,Stephanie
F,Winnie
F,Zoya
F,Adalyn
F,Afia
F,Agnes
F,Alys
F,Amaia
F,Ameera
F,Amelia-Grace
F,Amirah
F,Amna
F,Anabella
F,Anais
F,Andie
F,Angel
F,Aria-Rose
F,Ariyah
F,Arlah
F,Aryana
F,Ashley
F,Audrey
F,Ayah
F,Ayana
F,Aymen
F,Aysha
F,Ayva
F,Azra
F,Briar
F,Brogan
F,Calla
F,Corran
F,Daniella
F,Daria
F,Dua
F,Elaina
F,Elisa
F,Ella-Grace
F,Ella-May
F,Ellianna
F,Elly
F,Emaan
F,Emie
F,Emmi
F,Esmay
F,Fraya
F,Gabrielle
F,Giorgia
F,Helen
F,Huda
F,Imaan
F,Indiana
F,Jaime
F,Jaya
F,Jenna
F,Jorgi
F,Kacey
F,Kaja
F,Kathleen
F,Kathryn
F,Kaycie
F,Kelsey
F,Kenna
F,Kenzie
F,Kirsten
F,Kornelia
F,Laiba
F,Leen
F,Lilian
F,Lilly-Rose
F,Lily-Grace
F,Lily-May
F,Liv
F,Livia
F,Lyanna
F,Maddie
F,Mali
F,Manha
F,Merryn
F,Mikayla
F,Mina
F,Mira
F,Niah
F,Nylah
F,Paris
F,Paula
F,Petra
F,Philippa
F,Rayna
F,Rio
F,Riva
F,Rosemary
F,Roxanne
F,Rozalia
F,Sabrina
F,Samantha
F,Samira
F,Sasha
F,Selena
F,Shanaya
F,Shelby
F,Shiloh
F,Sidrah
F,Stevie
F,Sunday
F,Sylvia
F,Teresa
F,Tess
F,Tessa
F,Theia
F,Theodora
F,Tiana
F,Tillie
F,Umaima
F,Vera
F,Willa
F,Willow-Rose
F,Zelda
F,Aaima
F,Aaria
F,Adaline
F,Addyson
F,Adelaide
F,Adele
F,Afiyah
F,Ailah
F,Aine
F,Alaa
F,Alannah
F,Alara
F,Aleeha
F,Aleena
F,Aleigha
F,Alessia
F,Alishba
F,Alison
F,Ally
F,Alora
F,Alya
F,Alyssia
F,Alyth
F,Amalia
F,Amanda
F,Amarah
F,Ameerah
F,Amiyah
F,Anabia
F,Anayah
F,Angela
F,Arfa
F,Arielle
F,Avah
F,Aviana
F,Avni
F,Ayaat
F,Aydah
F,Aylah
F,Baillie
F,Bella-Rose
F,Bethan
F,Betsy
F,Blayre
F,Brie
F,Bryony
F,Camila
F,Camille
F,Carolina
F,Caroline
F,Cassandra
F,Cecelia
F,Chantelle
F,Cianna
F,Cienna
F,Clover
F,Coco
F,Corra
F,Courtney
F,Crystal
F,Dahlia
F,Daniela
F,Danielle
F,Dara
F,Demi-Leigh
F,Devon
F,Dixie
F,Drew
F,Eevie
F,Eimear
F,Eirinn
F,Ela
F,Elia
F,Elina
F,Elisha
F,Elsie-May
F,Emerald
F,Emerson
F,Emi
F,Emilee
F,Emily-Rose
F,Enid
F,Enya
F,Eris
F,Eshaal
F,Evangeline
F,Everleigh
F,Everley
F,Evie-Mae
F,Ezmae
F,Ffion
F,Fiona
F,Freja
F,Georgi
F,Gracey
F,Greer
F,Halima
F,Halle-Rose
F,Halley
F,Halli
F,Hanan
F,Harriett
F,Havana
F,Hiba
F,Honor
F,Hoorain
F,Hunter
F,Ishbel
F,Isla-Grace
F,Ivy-Mae
F,Iyla
F,Jaimee
F,Janice
F,Jasmin
F,Jemima
F,Jodie
F,Judy
F,Juliette
F,Kacie-Leigh
F,Kaia
F,Kaiya
F,Karina
F,Karla
F,Karmen
F,Kassidy
F,Kaylee
F,Kelsie
F,Kerys
F,Khadijah
F,Klaudia
F,Lainey
F,Laurel
F,Layan
F,Laylah
F,Leigh
F,Lennox
F,Leoni
F,Leonie
F,Liana
F,Liberty
F,Lidia
F,Lilli
F,Lilliana
F,Lillie-Rose
F,Liusaidh
F,Liza
F,Lorelai
F,Maha
F,Mahnoor
F,Mairead
F,Malgorzata
F,Malia
F,Malin
F,Marci
F,Marianna
F,Marina
F,Marissa
F,Mariya
F,Marleigh
F,Marsali
F,Matylda
F,Mayah
F,Miah
F,Michelle
F,Millie-Rose
F,Minha
F,Mirha
F,Morag
F,Murryn
F,Myley
F,Nala
F,Nara
F,Neive
F,Nel
F,Neva
F,Nicola
F,Nimrah
F,Oakley
F,Olivia-Grace
F,Ophelia
F,Perri
F,Poppie
F,Precious
F,Priya
F,Rahaf
F,Rahela
F,Reagan
F,Reevah
F,Reign
F,Rheia
F,Ria
F,Rita
F,Riya
F,Robynn
F,Roma
F,Romie
F,Ronnie
F,Rory
F,Safaa
F,Saffron
F,Sama
F,Samara
F,Sana
F,Saskia
F,Savanna
F,Scarlett-Rose
F,Sefora
F,Selene
F,Serena
F,Shannon
F,Storm
F,Tali
F,Taliah
F,Tallulah
F,Teddi
F,Tegan
F,Tianna
F,Tiffany
F,Toni
F,Weronika
F,Yana
F,Yara
F,Zara-Leigh
F,Zoha
F,Zunaira
F,Aaidah
F,Aaila
F,Aairah
F,Aaminah
F,Aarvi
F,Abbi
F,Abrianna
F,Adaira
F,Adeena
F,Aditi
F,Adley
F,Adrianna
F,Agatha
F,Ailbhe
F,Ailey
F,Ailis
F,Aisla
F,Aiyla
F,Alaina
F,Alayah
F,Alea
F,Aleah
F,Aleesha
F,Aleeza
F,Aleia
F,Alena
F,Alesha
F,Alesia
F,Alessandra
F,Alexandrina
F,Aleya
F,Alise
F,Aliya
F,Alyona
F,Alyvia
F,Amaiya
F,Amalie
F,Amani
F,Amayah
F,Ameila
F,Ameira
F,Ameliah
F,Amera
F,Amora
F,Anashe
F,Anays
F,Andra
F,Angelina
F,Aniela
F,Aniyah
F,Anna-May
F,Annabeth
F,Anne-Marie
F,Anouk
F,Anum
F,Anupriya
F,Aoibheann
F,Aqsa
F,Ara
F,Areen
F,Aria-Grace
F,Ariadne
F,Arina
F,Arlo
F,Arria
F,Arwyn
F,Aryia
F,Asel
F,Ashleigh
F,Astra
F,Aubrie
F,Avaya
F,Averie
F,Avril
F,Ayanna
F,Baileigh
F,Barbara
F,Bayan
F,Bella-Grace
F,Birdie
F,Blanca
F,Blessing
F,Bobbie
F,Bonnie-Mae
F,Brea
F,Breagh
F,Bree
F,Briana
F,Bridget
F,Briony
F,Bronagh
F,Bronwen
F,Cadha
F,Caia
F,Caleesi
F,Calleigh
F,Calli
F,Cally
F,Camilla
F,Candy
F,Carrie
F,Cassia
F,Cecilia
F,Ceitidh
F,Chanel
F,Charleigh
F,Charlie-Rose
F,Chelsey
F,Chimamanda
F,Chrissy
F,Christabel
F,Christie
F,Clarissa
F,Cliona
F,Cooper
F,Coral
F,Corinne
F,Corrie
F,Daisy-Mae
F,Dallas
F,Danah
F,Daneen
F,Darby
F,Darla
F,Darryl
F,Dearbhla
F,Debora
F,Deryn
F,Destiny
F,Devyn
F,Doaa
F,Dolly
F,Duaa
F,Dusty
F,Dylan
F,Eabha
F,Edin
F,Elayna
F,Eleni
F,Eleonora
F,Eleyna
F,Elif
F,Eline
F,Eliyah
F,Ella-Mae
F,Ella-Mai
F,Ellah
F,Ellia
F,Ellise
F,Ellora
F,Ellowyn
F,Eloisa
F,Elsie-Mae
F,Elyse
F,Elyssa
F,Elza
F,Ema
F,Emeli
F,Emery
F,Emilia-Rose
F,Emilie-Rose
F,Emmanuella
F,Enlli
F,Ensley
F,Erinn
F,Esma
F,Estelle
F,Eszter
F,Etty
F,Eva-Rose
F,Evanna
F,Evelina
F,Ewa
F,Faiza
F,Fallyn
F,Farwah
F,Fearn
F,Fianna
F,Floraidh
F,Florrie
F,Franki
F,Freya-Rose
F,Gaja
F,Gianna
F,Gracie-Rose
F,Habiba
F,Hadley
F,Hafsah
F,Haneen
F,Hannah-Leigh
F,Hanya
F,Harlee
F,Harley-Rose
F,Harli
F,Harlo
F,Havannah
F,Hawa
F,Haya
F,Haylie
F,Henley
F,Hilda
F,Honey
F,Iman
F,Inaya
F,Indie-Rose
F,Indy
F,Ines
F,Iqra
F,Irha
F,Irma
F,Isha
F,Ishika
F,Isobelle
F,Ivie
F,Izabela
F,Izzie
F,Izzy
F,Jacqueline
F,Jagoda
F,Jamie
F,Jane
F,Jannat
F,Jasmina
F,Jeanie
F,Jemma
F,Jersey
F,Jessica-Rose
F,Jessy
F,Joan
F,Jory
F,Joury
F,Joyce
F,Jude
F,Juliana
F,Julianna
F,Jumana
F,Juniper
F,Kadi
F,Kailah
F,Kailynn
F,Kaira
F,Kaitlin
F,Karah
F,Karen
F,Karlie
F,Karly
F,Karys
F,Kassi
F,Katelyn
F,Katerina
F,Kavya
F,Kaylah
F,Keavie
F,Keeley
F,Kelly
F,Kendal
F,Kerry
F,Khali
F,Kianna
F,Kieara
F,Kimberley
F,Kimberly
F,Kingsley
F,Kit
F,Kleo
F,Kodi
F,Kristina
F,Laci
F,Lacie-Mae
F,Lacy
F,Laia
F,Lake
F,Laurie
F,Lavin
F,Lavinia
F,Layke
F,Layla-Grace
F,Layla-May
F,Leanne
F,Leela
F,Leena
F,Leigha
F,Leighton
F,Leja
F,Leonora
F,Lexi-May
F,Lexi-Rose
F,Lexxi
F,Leya
F,Libbie
F,Lillie-Grace
F,Lillie-Mae
F,Lillith
F,Lilly-Anne
F,Lily-Anne
F,Linda
F,Lisa
F,Livi
F,Lizzie
F,Logan
F,Lola-Rose
F,Lolah
F,Lorena
F,Lotti
F,Luisa
F,Lujain
F,Luna-Rose
F,Lyla-Grace
F,Mackenna
F,Madeline
F,Madina
F,Magdalena
F,Maili
F,Malak
F,Mallie
F,Malwina
F,Maple
F,Mar
F,Marcelina
F,Maren
F,Mari
F,Marion
F,Marla
F,Marli
F,Marlowe
F,Marta
F,Mary-Jane
F,Mary-Kate
F,Maxine
F,Maya-Rose
F,Mayar
F,Mckenzie
F,Meera
F,Mehar
F,Melania
F,Menaal
F,Menna
F,Mercedes
F,Mercy
F,Meredith
F,Miah-Rose
F,Mika
F,Milah
F,Milena
F,Millicent
F,Millie-Grace
F,Miraal
F,Mirabelle
F,Misha
F,Miyah
F,Moana
F,Molli
F,Mona
F,Montana
F,Muireann
F,Murphy
F,Myra
F,Nadine
F,Nahla
F,Naia
F,Nella
F,Nerea
F,Nikole
F,Nimrat
F,Niomi
F,Niyah
F,Noemi
F,Noemie
F,Noura
F,Nyah
F,Ocean
F,Octavia
F,Oriana
F,Orin
F,Paislie
F,Paityn
F,Paloma
F,Parker
F,Paulina
F,Peace
F,Peighton
F,Perry
F,Persephone
F,Pheobe
F,Phoenix
F,Poppy-May
F,Poppy-Rose
F,Primrose
F,Quin
F,Rahma
F,Raina
F,Rania
F,Rawan
F,Rayan
F,Raye
F,Rena
F,Renae
F,Renee
F,Reva
F,Reya
F,Rhue
F,Rhyleigh
F,Riana
F,Rionagh
F,Roberta
F,Robyn-Rose
F,Romilly
F,Roni
F,Rosalee
F,Rosalind
F,Rosalyn
F,Roseanna
F,Roseanne
F,Rosey
F,Rosha
F,Rosie-Mae
F,Rosina
F,Roslyn
F,Rowyn
F,Roxanna
F,Roxie
F,Roxy
F,Rubi
F,Rubie
F,Ruby-Rose
F,Rudi
F,Ruman
F,Rumaysah
F,Runa
F,Rusalina
F,Rya
F,Saara
F,Safah
F,Saffie
F,Safia
F,Safiya
F,Sahar
F,Sakina
F,Sapphire
F,Savannah-Rose
F,Scarlet
F,Selina
F,Shaunnie
F,Shay
F,Shiza
F,Sia
F,Sianna
F,Sierra
F,Sigrid
F,Simina
F,Simona
F,Sinead
F,Sophia-Rose
F,Sophie-Leigh
F,Soraya
F,Spencer
F,Sri
F,Sumayyah
F,Susannah
F,Taleen
F,Tamara
F,Taryn
F,Teagan
F,Teddy
F,Teigan
F,Teighan
F,Theadora
F,Therese
F,Thora
F,Toleen
F,Tori
F,Trinity
F,Tuba
F,Umme
F,Vada
F,Valerie
F,Veronica
F,Veronika
F,Vienna
F,Viktoria
F,Vilte
F,Viviana
F,Wateen
F,Willis
F,Ya
F,Yaqeen
F,Yarah
F,Ylva
F,Yusra
F,Zahara
F,Zara-Rose
F,Zaria
F,Zaynab
F,Zeynep
F,Zina
F,Ziva
F,Zoi
F,Aadhira
F,Aadya
F,Aaiva
F,Aalea
F,Aaleah
F,Aaleigha
F,Aalifa
F,Aaliyah-Rose
F,Aamie
F,Aamiya
F,Aamna
F,Aaneyah
F,Aania
F,Aaradhya
F,Aarchie
F,Aariyah-Reign
F,Aarla
F,Aarna
F,Aaruhi
F,Aaryanna
F,Aaryia
F,Aasiya
F,Aayesha
F,Aaylah
F,Aayra
F,Aaziz
F,Abbigail
F,Abeeha
F,Abeera
F,Abi-Gail
F,Abigail-Louise
F,Abigale
F,Abiha
F,Abisha
F,Abra
F,Abrielle
F,Absalat
F,Acacia-Skye
F,Ada-Grace
F,Ada-Rae
F,Ada-Rose
F,Adaleigh-May
F,Adalet
F,Adalind
F,Adalynn
F,Adama
F,Adbah
F,Addilynn
F,Addisyn
F,Addisyn-Leigh
F,Addysyn
F,Adebola
F,Adela
F,Adelina
F,Adelyn
F,Aden
F,Adeola
F,Adhiya
F,Adie
F,Adison
F,Adita
F,Adjoa
F,Adora
F,Adria
F,Adrianne
F,Adriel
F,Adrija
F,Adya
F,Adyss
F,Aela
F,Aelish
F,Aerith
F,Aeryn
F,Afeeya
F,Afiya
F,Afizah
F,Afnan
F,Afolawe
F,Afrah
F,Africa
F,Afsah
F,Afton
F,Ahrya
F,Aida-Leigh
F,Aidah
F,Aiddah
F,Aidy
F,Aiiila
F,Aila-Mae
F,Aileana
F,Aileen
F,Aileigh
F,Ailia
F,Ailliah-Liligh
F,Aima
F,Aiman
F,Aimee-Leigh
F,Aimel
F,Aimellia
F,Aimen
F,Ainsleigh
F,Airah
F,Airayh-Rose
F,Airlie
F,Aise
F,Aitana
F,Aiva
F,Aiya
F,Aiyla-Rose
F,Aja
F,Ajsa
F,Ajuni
F,Ajwa
F,Akemi
F,Akira
F,Akshara
F,Akvile
F,Ala
F,Alaana
F,Alaeya
F,Alaeyah
F,Alaeze
F,Alaiya
F,Alaniz
F,Alaska
F,Alba-Nova
F,Alea-May
F,Aleasha
F,Aleeah
F,Aleecia
F,Aleen
F,Aleesia
F,Aleezah
F,Aleia-Rose
F,Aleigha-Mae
F,Aleighs
F,Aleisha-Marie
F,Alejandra
F,Alessia-Anastasia
F,Alexa
F,Alexia
F,Alexica
F,Alexsandra
F,Alexys
F,Alfonsina
F,Alhora
F,Aliana
F,Alianna
F,Alienor
F,Alija
F,Alirea
F,Alishah
F,Alishbah
F,Alita
F,Alivia
F,Aliza
F,Alizay
F,Allana
F,Allanah
F,Allannia
F,Allegra
F,Allie-Jane
F,Allie-Mae
F,Allison
F,Altha
F,Althea
F,Alyana
F,Alyia
F,Alysha
F,Alyshea
F,Alyssa-Esmae
F,Alyx
F,Amaal
F,Amaaya
F,Amalia-Catalina
F,Amanah
F,Amanpreet
F,Amanya
F,Amarra
F,Amaryah
F,Amaya-Grace
F,Amayra
F,Amber-Jane
F,Amber-Jo
F,Amber-Lee
F,Amber-Leigh
F,Amber-Rayne
F,Amber-Rose
F,Ambre
F,Ameelah
F,Ameeya
F,Ameli
F,Amelia-Jane
F,Amelia-Kate
F,Amelia-Lilly
F,Amelia-Mae
F,Amelija
F,Ameliya
F,Amellia-Lilly
F,Amera-Catherine
F,Ameria
F,Amie
F,Amila
F,Amilya
F,Aminah
F,Aminata
F,Amiyah-Lee
F,Amrit
F,Amrita
F,Amy-Lee
F,Amy-Leigh
F,Amylee
F,Amyra
F,An
F,Anaaley
F,Anaaya
F,Anabelle
F,Anaika
F,Anais-Nicoleta
F,Anaiyah-Rose
F,Anakeni
F,Anamta
F,Ananya
F,Anastasia-Zenaida
F,Anastasija
F,Anastazia
F,Anatolia
F,Anaum
F,Ance
F,Andrada
F,Andreea
F,Aneesah
F,Aneira
F,Anela
F,Anelisse
F,Anella
F,Anfaal
F,Anfal
F,Angela-Rose
F,Angelina-Maria
F,Angelique
F,Ania
F,Anika
F,Anina
F,Anisha
F,Anishza
F,Anissa
F,Anita
F,Aniya
F,Anja
F,Anjali
F,Anka
F,Anna-Lee
F,Anna-Maree
F,Annabell
F,Annagrace
F,Annah
F,Annalei
F,Annaleigh
F,Annalise-Margaret
F,Anne
F,Annelies
F,Anneliese
F,Annemarie
F,Annest
F,Anni
F,Annika
F,Annilyse
F,Annis
F,Annissa
F,Anora
F,Anoushka
F,Ansharah
F,Anvika
F,Anwen
F,Aoibhe
F,Aoibhinn
F,Apolonia
F,Apple
F,Aqdas
F,Arabela
F,Arabelle
F,Araisha
F,Aramya
F,Arantza
F,Araucaria
F,Ardena
F,Areeba
F,Areesha
F,Areia
F,Arella
F,Aretousa
F,Areyana
F,Argyle
F,Ari
F,Aria-Jane
F,Aria-Leigh
F,Ariadna
F,Ariadni
F,Ariah-Rose
F,Ariam
F,Ariana-Ioana
F,Arianah
F,Ariane
F,Arianna-Sammy
F,Arika
F,Aristea
F,Arisu
F,Arla-Jane
F,Arlie
F,Arlina
F,Arlowe
F,Arly
F,Armina
F,Aroha
F,Arooj
F,Aroosh
F,Aroush
F,Arra
F,Arrabella
F,Arrah
F,Arreigha-Leigh
F,Arrianna
F,Arshiya
F,Arsyila
F,Arty
F,Aruna
F,Arya-Lee
F,Aryaa
F,Aryah
F,Aryam
F,Aryanna
F,Aryiah
F,Aryn
F,Asher
F,Ashlea
F,Ashlyn
F,Ashwaq
F,Asiyah
F,Asli
F,Aspen
F,Aspyn
F,Assia
F,Asta
F,Aster
F,Asteya
F,Astryd
F,Aswana
F,Atarah
F,Athea
F,Athena-Rose
F,Atla
F,Atlanta-Rome
F,Atlantis
F,Atlas
F,Atmika
F,Aubre
F,Audi
F,August
F,Aura
F,Aurelia-Rose
F,Auria
F,Aurora-Belle
F,Aurora-Grace
F,Aurora-Joan
F,Aurora-Joy
F,Aurora-Mae
F,Aurora-Marie
F,Aurora-Reign
F,Aurora-Rose
F,Aurorah
F,Austen
F,Autumn-Lilly
F,Ava-Anemone
F,Ava-Fatima
F,Ava-Leigh
F,Ava-Lucia
F,Ava-Mae
F,Ava-Maria
F,Ava-Rae
F,Avaa
F,Avah-Mae
F,Avah-Rose
F,Avairy
F,Avalon
F,Avanna
F,Avarra
F,Avayah
F,Avia
F,Aviagh
F,Aviana-Grayse
F,Avie
F,Avika
F,Avina
F,Avneet
F,Awa
F,Awen
F,Axel
F,Ayanah
F,Ayden
F,Ayevbosa
F,Ayla-May
F,Ayla-Rose
F,Ayleashateri
F,Ayleigh
F,Ayley
F,Ayliah-Grace
F,Aylie-Jane
F,Aylin
F,Aylish
F,Aymun
F,Ayna
F,Ayona
F,Ayrah
F,Ayshenur
F,Ayumi
F,Ayushi
F,Ayvah-Grace
F,Ayza
F,Azaiiyah
F,Azdrid
F,Azeen
F,Azelia
F,Azia
F,Baani
F,Bahar
F,Bailee
F,Bailey-Jae
F,Bailie
F,Bao
F,Bareera
F,Bareerah
F,Baylee
F,Bayleigh
F,Beaux
F,Becca
F,Befreen
F,Beftu
F,Bella-Anne
F,Bella-Marie
F,Bella-May
F,Bellatrix
F,Bennett
F,Bernadette
F,Bernice
F,Berry
F,Bessie
F,Betiel
F,Betty
F,Beugh
F,Bexley
F,Beza
F,Bibiana
F,Billie-Jo
F,Billie-Leigh
F,Billie-Mae
F,Bintou
F,Bitanya
F,Blaine
F,Blair-Rose
F,Bliss
F,Blue
F,Boshra
F,Bowie
F,Braa
F,Brady
F,Brae
F,Braegha
F,Braelyn
F,Bramble
F,Breanna
F,Breia
F,Breigh
F,Bridgit
F,Briea
F,Brieaca
F,Briella
F,Brielle
F,Brinard
F,Brittany
F,Brodey
F,Brogan-Leigh
F,Broghan
F,Bronwyn
F,Brooklin
F,Brooklynn
F,Brooklynne
F,Bryse
F,Bupe
F,Buraq
F,Butool
F,Cacey
F,Caci-J
F,Cadey
F,Cadhla
F,Cadi
F,Caeli
F,Caelyn
F,Caera
F,Caicee
F,Caicey
F,Caidence
F,Caila
F,Cailie
F,Cailin
F,Cairistiona
F,Cairn
F,Cait
F,Calah
F,Calanais
F,Caledonia
F,Cali-Mae
F,Calize
F,Callah
F,Callia
F,Callidh
F,Callie-Jo
F,Callie-Mae
F,Calliope
F,Calyssa
F,Cameron
F,Camie
F,Candace
F,Cardie-Grace
F,Carina
F,Caris
F,Carleigh
F,Carli
F,Carlotta
F,Carlyn-Marie
F,Carmela-Maria
F,Carmen-Rose
F,Carmyn
F,Carol
F,Carol-Anne
F,Carolann
F,Carra
F,Carrera
F,Carrigan
F,Carsan
F,Casandra
F,Casea
F,Casey-Leigh
F,Casey-Mae
F,Cassie-Mae
F,Cataleya
F,Catalina
F,Caterina
F,Catherine-Rose
F,Catrin
F,Catrina
F,Cayla
F,Caylah
F,Ce
F,Cece
F,Cecelia-Rose
F,Cecile
F,Ceilidh
F,Ceira
F,Ceitlin
F,Celia
F,Ceryn
F,Chahat
F,Chanel-Rose
F,Chanell
F,Chantilly
F,Charis
F,Charlea
F,Charleena
F,Charleigh-Anne
F,Charley-May
F,Charley-Rose
F,Charlotte-Lillie
F,Charlotte-Louise
F,Charly
F,Charmian
F,Chase
F,Chelsie
F,Cherry
F,Cheryl
F,Chiagozie
F,Chiamaka
F,Chimara
F,Chimdike
F,Chimdinma
F,Chimfurumnanya
F,Chimuamanda
F,Chimzara
F,Chimzaram
F,Chioma
F,Chizaram
F,Chloe-Anne
F,Chloe-Elise
F,Chrissi
F,Chrissie
F,Christa
F,Christian
F,Christine
F,Christodoulia
F,Christy
F,Chyenne
F,Ciaria
F,Cici
F,Cierra
F,Cievah
F,Cilla
F,Ciorstaidh
F,Cirilla
F,Claira
F,Clancy
F,Clara-Belle
F,Clare
F,Clea
F,Clemence
F,Clementina
F,Cleo-Elizabeth
F,Cleopatra
F,Clio
F,Cliodhna
F,Cloe
F,Coco-Catarina
F,Codie-Lea
F,Coila
F,Coira
F,Conni
F,Connie-Jo
F,Cooper-Rose
F,Cora-Jane
F,Cora-Leigh
F,Corah
F,Coralie
F,Coraline
F,Cordelia
F,Corey
F,Corin
F,Corina
F,Corla
F,Corrin
F,Cova-Lei
F,Cree
F,Cressida
F,Cristina
F,Cydney-Grace
F,Cyria
F,Daakshee
F,Dadiva
F,Daena
F,Daeney
F,Dagmara
F,Dahlia-Mai
F,Daira
F,Daisey
F,Daisy-Ann
F,Daisy-Leigh
F,Daisy-May
F,Daisy-Rae
F,Daksha
F,Daley
F,Daleyr
F,Dalia
F,Dalia-Meryll
F,Dalis
F,Dallis
F,Dalriada
F,Dalton
F,Damla
F,Dan
F,Danae
F,Dani-Lee
F,Dania
F,Danii
F,Danika
F,Danika-Leigh
F,Daniya
F,Danna
F,Dannah
F,Daphne
F,Darb'i
F,Darcey-Leigh
F,Darceyleigh
F,Darci-Louise
F,Darci-Rose
F,Darcie-Mae
F,Darcy-Leigh
F,Darcy-Rai
F,Darcy-Rose
F,Dareen
F,Dariah
F,Darla-Marie
F,Darlah
F,Darrah
F,Davina
F,Dayana
F,Deanna
F,Deem
F,Deeya
F,Delilah-Rae
F,Delphi
F,Demi-Rose
F,Demsae-Leigh
F,Denisa
F,Derby
F,Derrie
F,Derryn
F,Dervla
F,Derya
F,Devika
F,Devlyn
F,Dewa
F,Deziree
F,Dhalia
F,Dhana
F,Dhara
F,Dharla
F,Dhayaal
F,Dherri
F,Dhiksha
F,Dhriti
F,Diala
F,Dianne
F,Dilek
F,Dima
F,Dina
F,Dior
F,Dioreann
F,Dishita
F,Diya
F,Doina
F,Doireann
F,Dolly-Anna
F,Dolly-Mae
F,Domenica
F,Dominika
F,Dominique
F,Donna-Marie
F,Dora
F,Dorota
F,Dorothy
F,Dory
F,Dot
F,Dottie
F,Doune
F,Dream
F,Drue
F,Dulcie
F,Dur
F,Dutchess
F,Dyllann
F,Eaden
F,Eave
F,Eboni
F,Ebonie
F,Ebony-Aoife
F,Ebony-Rayne
F,Eddi
F,Eden-Marie
F,Eden-Rose
F,Edina
F,Edite
F,Edith-Marie
F,Edynn
F,Efa
F,Efah
F,Effy
F,Efterpi
F,Eia
F,Eidee
F,Eidis
F,Eifa
F,Eilidh-Anna
F,Eilidh-Jane
F,Eilidh-Mae
F,Eiliyah
F,Eimaan
F,Eimhir
F,Eira
F,Eirea
F,Eireann
F,Eithne
F,Ekamjeet
F,Ekman
F,Elaf
F,Elaine
F,Elaiyah
F,Elalouise
F,Elana
F,Eldana
F,Eleanora
F,Electra
F,Eleena
F,Eleena-Jo
F,Eleira
F,Elenah
F,Eleonore
F,Elgin
F,Elianna
F,Elianna-Hope
F,Elicia
F,Elie
F,Elijah
F,Elisaveta
F,Elisea
F,Elisheba
F,Elissa
F,Elissandre
F,Elivia
F,Eliyannah
F,Eliz
F,Eliza-Jane
F,Eliza-Mae
F,Elizabeta
F,Elizabeth-Rose
F,Elizah
F,Elka
F,Ella-Elise
F,Ella-Jane
F,Ellanyah
F,Elle-Rose
F,Elleen
F,Ellen-Joan
F,Ellena
F,Ellenora
F,Elli
F,Ellie-Anna
F,Ellie-Grace
F,Ellie-Jade
F,Ellie-Jane
F,Ellie-Mai
F,Ellie-Maie
F,Ellie-Marie
F,Elliemae
F,Elliette
F,Ellin
F,Elliott
F,Elliotte
F,Ellyn
F,Elma
F,Elna
F,Elnaz
F,Eloah
F,Elora
F,Elouise
F,Elowyn
F,Else-Mae
F,Elsey
F,Elsje
F,Elsy
F,Elva
F,Elvie
F,Elya
F,Elyana
F,Elyna
F,Elysa
F,Elysia
F,Elyzia
F,Emary
F,Ember-Reign
F,Ember-Rose
F,Emeli-Grace
F,Emeli-Louize
F,Emelia-Rose
F,Emer
F,Emiko
F,Emile
F,Emilea
F,Emileigh
F,Emilija
F,Emily-Ann
F,Emily-Grace
F,Emily-Lou
F,Emily-Louise
F,Emily-Rae
F,Emine
F,Emire
F,Emma-Flavia
F,Emma-Lei
F,Emma-Marie
F,Emmalyn
F,Emmanuela
F,Emmellen
F,Emmely
F,Emmerson
F,Emmi-Rae
F,Emmi-Rose
F,Emmie-Leigh
F,Emmie-Rose
F,Emrae
F,Emrie
F,Emylia
F,Ena
F,Enaam
F,Enara
F,Enas
F,Endian
F,Enifome
F,Enija
F,Eniola
F,Enitanwa
F,Eowyn
F,Eponine-Joy
F,Erica-Rose
F,Eriifeoluwa
F,Erin-Grace
F,Erin-Leigh
F,Erina
F,Erykah
F,Erynn
F,Esha
F,Eshe
F,Esila
F,Esme-Belle
F,Esme-Rose
F,Esme-Sophia
F,Esme-Storm
F,Esmerelda
F,Esosa
F,Esperanza
F,Esraa
F,Essie
F,Estella
F,Ester
F,Ethar
F,Etienne
F,Ettie
F,Eula
F,Euphemia
F,Euthymia
F,Eva-Grace
F,Eva-Maria
F,Eva-Rae
F,Evaa
F,Evalyn
F,Evan
F,Evangelynn
F,Eve-Summer
F,Evee
F,Evelynn
F,Ever-Leigh
F,Everlaii
F,Everlee
F,Everley-Rose
F,Evie-Jane
F,Evie-Jean
F,Evie-Jo
F,Evie-Louise
F,Evie-Michelle
F,Evie-Peaches
F,Evinnie
F,Ewa-Marium
F,Excel
F,Eylah
F,Eyvie-Grace
F,Ezmay
F,Ezmi
F,Ezmii
F,Ezra
F,Fadzai
F,Faith-Louise
F,Fajar
F,Falyn
F,Falynn
F,Fara-Mae
F,Farisha
F,Farrah-Rose
F,Farron
F,Farys
F,Fatema
F,Fatma
F,Faustina
F,Faya
F,Faye-Hazel
F,Faye-Myla
F,Fayha
F,Fazura
F,Feben
F,Feile
F,Felicia
F,Feyza
F,Fiah
F,Fifer
F,Filipa
F,Finlay
F,Finleigh
F,Fionnuala
F,Firoza
F,Flavia
F,Fleour
F,Fleur
F,Florance
F,Florentyna
F,Flori
F,Flossie
F,Flynn
F,Fox
F,Frances
F,Francis
F,Franky
F,Frayha
F,Frayja
F,Freda
F,Freshta
F,Freya-Grace
F,Freya-Jane
F,Freya-Lily
F,Freya-Mae
F,Freyah
F,Freyja-Marie
F,Frieda
F,Fritha
F,Gabora
F,Gabriana
F,Gabriele
F,Gabriella-Margo
F,Galla
F,Galya
F,Garciella
F,Gayanthika
F,Gayatri
F,Gbemisola
F,Gena
F,Genesis
F,Genessa
F,Georgena
F,Georgia-Lynne
F,Georgia-Rae
F,Georgia-Rose
F,Georgiana
F,Georgie-Mae
F,Georgina-Mae
F,Georja
F,Gergana
F,Ghezal
F,Gia-Rose
F,Giada
F,Gigi
F,Ginny
F,Gioia
F,Giorgie
F,Gita
F,Giuliana
F,Gnoveriti
F,Grace-Esther
F,Grace-Helen
F,Grace-Iyla
F,Grace-Marie
F,Gracelyn
F,Gracen
F,Graci
F,Gracie-Leigh
F,Gracie-Mai
F,Gracie-May
F,Grae
F,Grey
F,Gunes
F,Gurleen
F,Gurmanjot
F,Gursimran
F,Guste
F,Gwen-Marie
F,Gwendoline
F,Gwenyth
F,Haadiya
F,Haala
F,Hadassah
F,Hadeel
F,Hadia
F,Hadlie
F,Haifa
F,Hailee
F,Haileigh
F,Hajra
F,Hajraah
F,Hajrah
F,Hala
F,Haleemah
F,Haleigh
F,Halle-Mae
F,Hallee
F,Halleigh
F,Hallie-Ann
F,Hallie-Belle
F,Hallie-Mae
F,Hallie-Olivia
F,Hammanah
F,Hamnah
F,Hams
F,Hanaa
F,Hanaan
F,Hanin
F,Haniyah
F,Haniye
F,Haniyya
F,Hannah-Mae
F,Hanyia
F,Haq-La
F,Haram
F,Harbour-Hay
F,Harjapji
F,Harjas
F,Harjeea
F,Harjot
F,Harleen
F,Harlen
F,Harley-Grace
F,Harley-Louise
F,Harley-Mae
F,Harli-Jane
F,Harlie-Rose
F,Harliie
F,Harloh
F,Harlow-Grace
F,Harlow-Rose
F,Harlyn
F,Harmony
F,Harmony-Grace
F,Harper-Lee
F,Harper-Lillie
F,Harpriya
F,Harriet-Louise
F,Harrli
F,Harsimran
F,Hartleigh
F,Haruna
F,Harys
F,Hashiny
F,Hasonat
F,Haton
F,Hauwa
F,Havian
F,Hawazin
F,Hawwa
F,Haydenne
F,Haydley
F,Haylee
F,Hayley-Grace
F,Haylie-Marie
F,Hazel-Grace
F,Heba
F,Heela
F,Heer
F,Heidi-Nova
F,Heidi-Rose
F,Heike
F,Helaina
F,Helaine
F,Helin
F,Hera
F,Herkeet
F,Hermela
F,Hermione
F,Hero
F,Hettie
F,Hibah
F,Hibbah
F,Hidayah
F,Hifza
F,Hira
F,Hiza
F,Hoi
F,Holden
F,Holly-Mae
F,Holly-Rose
F,Honour
F,Hooriya
F,Hopi
F,Horia
F,Hudson
F,Humaira
F,Husna
F,Hyab
F,Iasmina
F,Ibrah
F,Idette
F,Ieva
F,Ifechukwu
F,Ifrah
F,Ijeze
F,Ila-Rae
F,Ileana
F,Ilerioluwa
F,Iley
F,Iliana-Nara
F,Illianna
F,Illy
F,Ilma
F,Ilona
F,Ilsa
F,Ilyana
F,Ilyanna
F,Imageon
F,Imali
F,Imani
F,Imani-Samar
F,Imari
F,Imke
F,Imma
F,Immi
F,Immillah
F,Imogen-Rose
F,Inayah
F,Indee
F,Indianna
F,Indie-Elise
F,Inez
F,Innes
F,Ioana
F,Iola
F,Iona-May
F,Ionah
F,Iraena
F,Irene
F,Irhaa
F,Irina
F,Iris-Mae
F,Isa
F,Isabel-Joan
F,Isabela
F,Isabell
F,Isabella-Rose
F,Isabelle-Faith
F,Isadora
F,Ishabel
F,Ishal
F,Isla-Anne
F,Isla-Dee
F,Isla-Isabella
F,Isla-Jade
F,Isla-Jean
F,Isla-Mai
F,Islay-Rose
F,Isobella
F,Ivana
F,Ivanna
F,Ivelle
F,Iver
F,Iveyleigh
F,Ivy-Bleu
F,Ivy-Ella
F,Ivy-Hope
F,Ivy-Leigh
F,Ivy-Rae
F,Ivy-Skye
F,Iwinosa
F,Iya
F,Iyada
F,Iylah
F,Izabella-Rose
F,Izabelle
F,Izarra
F,Izobella
F,Jacinda
F,Jae
F,Jaejae
F,Jaime-Leigh
F,Jaimie-Leigh
F,Jaimiee
F,Jameigh-Leigh
F,Jamie-Lee
F,Jamie-Leigh
F,Jamielee
F,Janet
F,Janiba
F,Janina
F,Janna
F,Jannah
F,Jany
F,Jasey
F,Jashvika
F,Jasleen
F,Jasmyn
F,Jasnit
F,Jasnoor
F,Javeria
F,Jayana
F,Jaycee
F,Jaycey
F,Jayda
F,Jayde
F,Jayla
F,Jaylah
F,Jazlynn
F,Jean
F,Jeannie
F,Jebaibai
F,Jebii
F,Jeiran
F,Jemimah
F,Jemine
F,Jena
F,Jenna-Rose
F,Jennae
F,Jenni
F,Jennita
F,Jenny-Grace
F,Jeorjia
F,Jersey-Jay
F,Jessica-Ariana
F,Jessica-Grace
F,Jessica-Leigh
F,Jessica-May
F,Jessyca
F,Jezzelle
F,Jhanvi
F,Jia
F,Jiaxuan
F,Jieun
F,Jo
F,Joanie
F,Joanne
F,Joely
F,Joey
F,Joie
F,Jole
F,Jolie
F,Joory
F,Jordana
F,Josephine-Olivia
F,Josia
F,Josie-Rae
F,Joud
F,Joules
F,Journey
F,Jovana
F,Jozie
F,Julea
F,Julen
F,Jules
F,Julia-Maria
F,Julie
F,Jumanah
F,June
F,Juneiper
F,Jura
F,Juwariah
F,Juwayriya
F,Juwayriyah
F,Jypsy
F,Kaatyayani
F,Kacey-Lee
F,Kaci-Mae
F,Kacie-Lynn
F,Kadee
F,Kadi-Leigh
F,Kadie-Mae
F,Kadijah
F,Kaedie
F,Kaela
F,Kaelah
F,Kaianna
F,Kaidie-Leigh
F,Kaila
F,Kailey
F,Kailyn
F,Kaireen
F,Kaisy
F,Kaitlyn-Leigh
F,Kaitlynn
F,Kaiyra
F,Kajol
F,Kalani
F,Kaleah
F,Kaleela
F,Kaleesi
F,Kali-Grace
F,Kalia
F,Kaliah-Rae
F,Kalicia
F,Kalina
F,Kalleigh
F,Kalliopi
F,Kally
F,Kameron
F,Kamharida
F,Kami-Mae
F,Kamryn
F,Kamsiyochukwu
F,Kani
F,Kara-Ann
F,Karaleigh
F,Karam
F,Kardi
F,Karessa
F,Karis-Jai
F,Karlee-Anne
F,Karleigh
F,Karlii
F,Karolina
F,Karris
F,Kashiny
F,Kassia
F,Kassie
F,Katalin
F,Katarzyna
F,Katelynn
F,Katey-Mae
F,Katia
F,Katie-Grace
F,Katie-Mae
F,Katie-Rose
F,Katieanne
F,Kavinila
F,Kay-Lynn
F,Kaycee
F,Kayla-Rose
F,Kaylaa
F,Kayley
F,Kaylin
F,Kaylyn
F,Kayra
F,Keala
F,Keavah
F,Keavy
F,Keelie
F,Keesha
F,Keevagh
F,Keevah
F,Kehlani
F,Keiara
F,Keigan
F,Keighana
F,Keiko
F,Keila
F,Keira-Paige
F,Keisara
F,Keitija
F,Kelis
F,Kellaine
F,Kelsa
F,Kelsea
F,Kelsey-Lee
F,Kelsey-Mae
F,Kemi
F,Kena
F,Kenan
F,Kenaya
F,Kendall-Louise
F,Kendyl
F,Kendyl-Blair
F,Kenedy
F,Kennagh
F,Kennedymarie
F,Kenniday
F,Kensey
F,Kenzi
F,Keona
F,Kerhys
F,Kerica
F,Kerin
F,Kerindu
F,Kerren
F,Kerrera
F,Kerri-Rose
F,Kerris
F,Kerryn
F,Keylah
F,Khadeejah
F,Khadija-Lateef
F,Khaleesi
F,Khaleesia
F,Khalessia
F,Khalia
F,Khalifah
F,Khalleigh-Rose
F,Khandice
F,Kharis
F,Khianna-Leigh
F,Kia
F,Kiana-Leigh
F,Kiandra
F,Kianna-Leigh
F,Kiara-Lee
F,Kiara-Marie
F,Kiaraa
F,Kiarah-Jae
F,Kiarra
F,Kierra
F,Kieva
F,Kievah
F,Kiira
F,Kiki
F,Kim
F,Kimi
F,Kinda
F,Kinga
F,Kinsley
F,Kirstie
F,Kiryn
F,Kitti
F,Kiva
F,Kiyana
F,Koala
F,Koedyn
F,Kohinoor
F,Komal
F,Kora
F,Kore
F,Kori
F,Kosimeya
F,Krisha
F,Krissi
F,Krissie
F,Krissy
F,Krista
F,Kristen
F,Kristiana
F,Kristine
F,Kriti
F,Krsna
F,Krystyna
F,Kumari
F,Kumba
F,Kushum
F,Kyanna
F,Kyannah
F,Kylah
F,Kylah-Rae
F,Kylin
F,Kyrae-Hope
F,Laaibah
F,Lace
F,Laceigh-Mae
F,Lacey-Jane
F,Lacey-Leigh
F,Lacey-May
F,Lacey-Rose
F,Lacey-Summer
F,Laceyjay
F,Laekyn
F,Lafiza
F,Lagrace
F,Laighla
F,Laila-Rose
F,Laina
F,Lainie
F,Laire
F,Laissa
F,Laiyah
F,Lakeshia
F,Lamar
F,Lamees
F,Lamya
F,Lanai
F,Laney
F,Langa
F,Lannah
F,Lara-Jay
F,Lara-Louise
F,Lareen
F,Larissa
F,Lark
F,Latiesha
F,Latifa
F,Laura-Jean
F,Lauryn
F,Lavinya
F,Lawri
F,Layah-Marie
F,Layla-Allan
F,Layla-Anne
F,Layla-Mae
F,Layla-Rose
F,Layla-Violet
F,Layna
F,Layne
F,Leah-Lilly
F,Leah-Rose
F,Leana
F,Leanna
F,Leannah
F,Learose
F,Leeanna
F,Leelaas
F,Leia-Marie
F,Leigha-Mai
F,Leighla
F,Leila-Grace
F,Leilah
F,Leina
F,Leire
F,Lelle
F,Lemar
F,Lena-Mae
F,Leni
F,Lenni-Grace
F,Leona-Leigh
F,Leoni-May
F,Leoura
F,Lesley
F,Letitia
F,Lettie
F,Levi
F,Lex
F,Lexi-Ann
F,Lexi-Jane
F,Lexi-Leigh
F,Lexi-Louise
F,Lexi-Mae
F,Lexi-Mai
F,Lexi-Rae
F,Lexii
F,Lexy
F,Leyana
F,Leyghlynne
F,Liah
F,Liane
F,Lianna
F,Lianne
F,Liara
F,Libby-Mae
F,Libby-May
F,Liepa
F,Liesl
F,Lila-Grace
F,Lilac
F,Lilah-Jade
F,Lilanya
F,Lile
F,Lileigh
F,Lili
F,Liliac-Rain
F,Lilias
F,Liliya
F,Lilla
F,Lilleigh
F,Lilley
F,Lilley-Rose
F,Lilli-Ana
F,Lilli-Jai
F,Lillia
F,Lillian-Day
F,Lilly-Anna
F,Lilly-Arabella
F,Lilly-Beth
F,Lilly-Grace
F,Lilly-Jae
F,Lilly-May
F,Lillyanna
F,Lilou
F,Lily-Ann
F,Lily-Jean
F,Lily-June
F,Lilya
F,Lilyana
F,Lilyanna
F,Lilyrose
F,Lin
F,Linah
F,Lindy
F,Lini
F,Liora
F,Lisle
F,Livia-Grace
F,Livvy
F,Liya
F,Liyana
F,Liyla-Rose
F,Liyle
F,Llana
F,Loa
F,Lochleia
F,London
F,Lonikaanshi
F,Lora
F,Loreta
F,Loretta
F,Lorna
F,Lorna-Mae
F,Lorne
F,Lotta
F,Lotte
F,Lottie-Mai
F,Lotus
F,Lou-Lou
F,Loucia
F,Lowe
F,Lowenna
F,Lowri
F,Lteen
F,Lucca
F,Lucella
F,Luci-Scott
F,Luciana
F,Lucianah
F,Lucianna
F,Lucianne
F,Lucie-Alice
F,Lucille
F,Lucinda
F,Lucy-Ann
F,Lucy-Jane
F,Luiza
F,Luka
F,Lukne
F,Lula
F,Lulaa
F,Lulu
F,Lumi
F,Luna-Freya
F,Luna-Shy
F,Luna-Sophia
F,Lunah
F,Lunah-Mae
F,Luule
F,Luyi
F,Lya
F,Lybbie
F,Lyla-Ann
F,Lyle
F,Lylia
F,Lylie-Jane
F,Lyra-Jane
F,Lyra-Jay
F,Maame
F,Maci-Lee
F,Maci-Rae
F,Mackenzie-Mae
F,Madalina
F,Madalyn
F,Maddalena
F,Madiha
F,Mae-Frances
F,Maebh
F,Maesie
F,Maevi
F,Maeya
F,Mafalda
F,Magaidh
F,Maheera
F,Mahira
F,Mahita
F,Mahreen
F,Mahrukh
F,Mahya
F,Maicie
F,Maidie
F,Maika
F,Maila
F,Maily
F,Maira
F,Mairi-Ella
F,Maisey
F,Maisie-May
F,Maisri
F,Maiwen
F,Maizey
F,Maizie
F,Maiziey
F,Majka
F,Makena
F,Makenna
F,Makkah
F,Malaika
F,Malaz
F,Ma
F,Meha
F,Maliah
F,Malika
F,Malikah
F,Maliyah
F,Maliyah-Rose
F,Malliea
F,Malyn
F,Manahil
F,Manalyaa
F,Manavi
F,Mandra
F,Mandrita
F,Manesa
F,Manisa
F,Mannat
F,Manraj
F,Mantasha
F,Marcey
F,Marenne
F,Mariah
F,Mariamawit
F,Mariana
F,Marie
F,Mariella
F,Marielle
F,Marika
F,Marin
F,Marjaan
F,Markella
F,Marleah
F,Marleigha
F,Marlena
F,Marley-Bea
F,Marliyah
F,Marlow
F,Marni
F,Marnie-Leigh
F,Marren
F,Marsaili
F,Marsie
F,Martina
F,Martyna
F,Marya
F,Maryam-Noor
F,Maryjean
F,Masa
F,Masal
F,Mashal
F,Masie
F,Massa
F,Masturah
F,Mathani
F,Mattie
F,Maura
F,Mavis
F,Maya-Grace
F,Maya-Maria
F,Mayameko
F,Mayasser
F,Mayci
F,Mayla
F,Mayley
F,Mayra
F,Mays
F,Maysha
F,Maysie
F,Mazikeen
F,Mbinomujame
F,Mea
F,Meagh
F,Meena
F,Meerum
F,Meg
F,Meggan
F,Meggy
F,Meghan-Rose
F,Megyn
F,Mehek
F,Meher
F,Meherima
F,Mehnoor
F,Mehraban
F,Mehreen
F,Mehtaab
F,Meia
F,Meia-Rose
F,Meihla
F,Meithaq
F,Meja
F,Melanie-Rose
F,Melda
F,Melek
F,Melinda
F,Meliyah
F,Melkah
F,Mellissa
F,Melody-Marie
F,Menahil
F,Mera
F,Mercadiez
F,Merci-Mae
F,Merci-Neveah
F,Merel
F,Meribelle
F,Meridah
F,Merrin
F,Meryam-Fatima
F,Meryl
F,Meusaidh
F,Mevillea
F,Meyah
F,Mhari
F,Mhurrin
F,Mhylie
F,Mia-Anne
F,Mia-Annie
F,Mia-Grace
F,Mia-Olivia
F,Miasy
F,Micaela
F,Micah
F,Micaiah
F,Michaella
F,Michalina
F,Miella
F,Mihri
F,Mikaela
F,Mila-Bleu
F,Mila-Grace
F,Mila-Jane
F,Milaa
F,Milan
F,Milani
F,Milano-Lyn
F,Milanya
F,Mileigh
F,Mileja
F,Miley-Ann
F,Mili
F,Milita
F,Milla
F,Miller
F,Millie-Essie
F,Millie-Kate
F,Millie-Lou
F,Millie-Vanessa
F,Milou
F,Mimi
F,Minaal
F,Minahil
F,Minerva
F,Minna
F,Minnah
F,Minni
F,Minnie-Mae
F,Minoosha
F,Miraaya
F,Mirabel
F,Miral
F,Mirella
F,Mirin
F,Mirrha
F,Mirrhyn
F,Mirrin
F,Miruna
F,Miryam
F,Miryn
F,Mischa
F,Mishka
F,Missandei
F,Missi
F,Missy
F,Miyla
F,Miylee
F,Mmesomachukwu
F,Moanah
F,Moira
F,Moksha
F,Mollie-Jo
F,Mollie-May
F,Mollie-Rose
F,Molly-Anne
F,Molly-Mae
F,Molly-Rose
F,Monaco
F,Moneera
F,Monica
F,Monique
F,Monira
F,Monroe
F,Mora
F,Mori
F,Morwen
F,Motunrayo
F,Moyinoluwa
F,Mpoi
F,Muen
F,Muirinn
F,Mujiu
F,Muna
F,Munachimso
F,Munira
F,Murael
F,Muriel
F,Murrin
F,Murron-May
F,Musfirah
F,Mustabshira
F,Myah-Rose
F,Myla-Jo
F,Myla-Rose
F,Mylaa
F,Mylah-Mae
F,Mylah-Rae
F,Mylea
F,Mylei
F,Myli
F,Myrah
F,Myriam
F,Myrren
F,Myrrin
F,Myrtle
F,Naara
F,Nadiya
F,Nadra
F,Naelah
F,Naemie
F,Naevia
F,Nafas
F,Naila
F,Nailah
F,Nairyn
F,Naisha
F,Naiyah
F,Nakai
F,Nakshatraa
F,Nakshthra
F,Nalia
F,Namariq
F,Nami
F,Namirah
F,Nancie
F,Naomie
F,Narin
F,Narmin
F,Nasmah
F,Nasya
F,Natalia-Rose
F,Natalya
F,Natascha
F,Natasha
F,Navi-Grace
F,Navpreet
F,Navya
F,Nayadie
F,Nayla
F,Nayra
F,Neah
F,Neala
F,Neama
F,Neevah
F,Neeve
F,Nefelie
F,Neha
F,Neila
F,Neiva
F,Neivada
F,Nejla
F,Nelleh
F,Nelma
F,Nemi
F,Nena
F,Nenya
F,Nephelie
F,Nesma
F,Nesrine
F,Ness
F,Nessa
F,Nevada
F,Nevaeh-Jane
F,Nevaeha
F,Nevanah
F,Nevara-Rose
F,Neveah
F,Nevin
F,Neyma
F,Nia-May
F,Niadh
F,Niarah
F,Nicki
F,Nida
F,Nieva
F,Niki
F,Nikita
F,Nimah
F,Nina-Rose
F,Nira
F,Nirbhana
F,Niri
F,Nirvana
F,Nisa-Nelli
F,Nishka
F,Nita
F,Nitara
F,Nithyasri
F,Niya
F,Nneoma
F,Noemy
F,Nokubonga
F,Noor-Fatima
F,Noorah
F,Noorya
F,Norina
F,Nour
F,Nova-Lily
F,Novah
F,Novara
F,November
F,Nuha
F,Nula
F,Nulah
F,Nuo
F,Nuoyao
F,Nur
F,Nurys
F,Nusaybah
F,Nusyba
F,Nya
F,Nyia
F,Nyomi
F,Oaklei
F,Oakleigh
F,Oaklynn
F,Obianuri
F,Oceane
F,Ode
F,Odette
F,Ohana
F,Ohmie
F,Ola
F,Olea
F,Olimpia
F,Olivia-Lilly
F,Olivia-Louise
F,Olivia-Mae
F,Olivia-Morgan
F,Olivija
F,Oliwa
F,Olubusayo
F,Oluwalonimi
F,Oluwatamilore
F,Oluwatise
F,Omolara
F,Ondine
F,Ooliana
F,Oran
F,Oreofe
F,Orla-Hope
F,Orlagh-Grace
F,Orlagh-Mae
F,Orlah
F,Orlarose
F,Orly
F,Orlyn
F,Oryn
F,Osagumwenro
F,Osamuetiyan
F,Oseann
F,Oslin
F,Osose
F,Paeslhi
F,Paetyn
F,Paige-Olivia
F,Paislee
F,Paisley-Jean
F,Paisley-Lynn
F,Paiton
F,Parisa
F,Parla
F,Pascale
F,Pashmak
F,Patricia
F,Patrycja
F,Pei
F,Peigi
F,Penelopi
F,Penney
F,Pennie
F,Pepper
F,Peyton-Jo
F,Phoenix-Rose
F,Pia
F,Pichapak
F,Pinar
F,Pixi
F,Poet
F,Pollie
F,Poppi
F,Poppy-Blue
F,Poppy-Leigh
F,Poppy-Ray
F,Porsha-Grace
F,Porsha-Lea
F,Posie
F,Posy
F,Praiselyn
F,Prashika
F,Preslie
F,Princess
F,Priscilla
F,Prisha
F,Puscas
F,Qamar
F,Qaria
F,Quaintrelle
F,Raameen
F,Rachele
F,Rada
F,Radost
F,Raeah
F,Raegan
F,Raelynn
F,Raevyn
F,Raeya
F,Rafaela
F,Rafida
F,Raghad
F,Rahela-Ilona
F,Rahela-Simina
F,Rahf
F,Rahya
F,Raighan
F,Rainah-Rose
F,Raine
F,Rainey
F,Raini-May
F,Rainn
F,Rainy
F,Raisa
F,Raiya
F,Rajeeyah
F,Rakhshan
F,Ralia
F,Rameigh
F,Ramla
F,Rana
F,Raneem
F,Raniya
F,Ranya
F,Raphipasara
F,Raquel
F,Rashi
F,Raven
F,Raviv
F,Rawda
F,Ray
F,Rayah
F,Rayann
F,Rayla
F,Raynah
F,Rayven
F,Rayya
F,Rea
F,Rebeca-Ana
F,Rebekah
F,Rebekkah
F,Rebel
F,Reed
F,Reel
F,Reem
F,Reese
F,Reevah-Bella
F,Reevi
F,Reghan
F,Regina
F,Rehan
F,Reia
F,Reid
F,Reigha
F,Reigyn
F,Reilly
F,Reimi
F,Reina
F,Reinna
F,Reiss
F,Reme
F,Remedios
F,Remi-Rose
F,Ren
F,Renata
F,Renesme
F,Renesmee
F,Renn
F,Rennie
F,Rereloluwa
F,Retaj
F,Retal
F,Rexton
F,Rey
F,Reyah
F,Reyanshi
F,Reyn
F,Rhaea
F,Rhaia
F,Rheava
F,Rhiann
F,Rhianna
F,Rhianne
F,Rhiley
F,Rho
F,Rhoda
F,Rhubeigh
F,Rhuby
F,Rhuna
F,Rhylee
F,Ria-Rose
F,Riah
F,Riami
F,Rian
F,Ribh
F,Rickie
F,Ridazehra
F,Rievah
F,Rieve
F,Rihanna
F,Riia
F,Rileigh
F,Rinas
F,Ripley
F,Rital
F,Ritan
F,Rithvi
F,Ritisha
F,Rivana
F,River-Rose
F,Rivian
F,Riviera
F,Riyaa
F,Roaa
F,Rochelle
F,Roha
F,Rohaise
F,Roise
F,Roksana
F,Romani
F,Romanie
F,Romanna-Louise
F,Romany
F,Romar
F,Romay
F,Romee
F,Romee-Leigh
F,Romeesa
F,Romey-Anne
F,Romi-Drew
F,Romi-Grace
F,Roqaya
F,Rora
F,Rosa-Leigh
F,Rosalea
F,Rosaleen
F,Rosaleigh
F,Rosalia
F,Rosamund
F,Rosaria
F,Rosealee
F,Roselyn
F,Roshni
F,Rosie-Jane
F,Rosie-May
F,Rossana
F,Rosslyn
F,Roula
F,Roux
F,Rovan
F,Rowanne
F,Rowen
F,Rowena
F,Roxana
F,Royalty
F,Roza
F,Rozali
F,Rroshi
F,Ruadh
F,Ruadhan
F,Ruby-Elise
F,Ruby-Iris
F,Ruby-Jo
F,Ruby-Lorna
F,Ruby-Rae
F,Rudy
F,Rufayah
F,Rufta
F,Ruhee
F,Rukayya
F,Rukyah
F,Rumaisa
F,Rumer
F,Rumi
F,Ruo
F,Rusanda
F,Ruvarashe
F,Ruwayda
F,Ruxa
F,Ruzenka
F,Ryan
F,Ryann
F,Ryeah
F,Ryia
F,Ryiellie
F,Rylee-Grace
F,Ryleigh-Rose
F,Ryley-Rose
F,Rylnn
F,Rytel
F,Saanvi
F,Saanvika
F,Saavi
F,Sabina
F,Saboor
F,Sadie-Jane
F,Sadie-Mae
F,Saeeda
F,Safa-Noor
F,Safaara
F,Saffiyah
F,Safira
F,Safoora
F,Sage
F,Sahana
F,Sahara
F,Sahra-Nashat
F,Sai
F,Saida
F,Sailor
F,Sali
F,Salma
F,Salomea
F,Salsibeel
F,Salvina-Liza
F,Salwa
F,Samaira
F,Samandra
F,Samanta
F,Samar
F,Samari
F,Samaya
F,Samhita
F,Samuella
F,Sanam
F,Sandi
F,Sandie
F,Sangvika
F,Sania
F,Sanne
F,Sanskriti
F,Sanziana
F,Saoirse-Rose
F,Saorlaith
F,Saorsa
F,Saphria
F,Sapphire-Rhea
F,Sara-Evalyn
F,Sarah-Rose
F,Sarahjane
F,Saraya-Jax
F,Saria
F,Sarina
F,Sarlyn
F,Sashreya
F,Saule
F,Sauravi
F,Savanha
F,Savannah-Jayde
F,Savariah
F,Saylor
F,Scarlette
F,Scarlytt
F,Scheherazade
F,Scierra
F,Scotia
F,Scottie
F,Scout
F,Sehajleen
F,Sehej
F,Sejalpreet
F,Sena
F,Senimili
F,Senna
F,Seraphina
F,Serayah
F,Sereen
F,Serena-Leoncia
F,Serennah
F,Serien
F,Serina
F,Sevana-Flor
F,Sewa
F,Shaanvi
F,Shabnam
F,Shahnaz
F,Shakran
F,Shalana
F,Sham
F,Shamira
F,Shanda
F,Sharifa
F,Sharron
F,Shauni
F,Shaye
F,Sheehanah
F,Shehnoor
F,Shehzal
F,Shelly
F,Sheralee
F,Shevonne
F,Shianne
F,Shihan
F,Shinjini
F,Shloka
F,Shraddha
F,Shreeja
F,Shriya
F,Shuchi
F,Shuxin
F,Shuyao
F,Shyra
F,Shzanaya
F,Sian
F,Siannan
F,Siarra
F,Siddhika
F,Sidra
F,Sienna-May
F,Sigi
F,Silvia
F,Simone
F,Simra
F,Siobhan
F,Siobhan-Jay
F,Siomha
F,Siri
F,Sitara
F,Siya
F,Siyu
F,Skhyler
F,Skiellah
F,Sky
F,Skyelar
F,Skyeler-Dee
F,Skyelyr
F,Skylar-Mae
F,Skylar-Rose
F,Skylee
F,Skyrah
F,Sloane-Lux
F,Smira
F,Sofia-Florence
F,Sofia-Lily
F,Sofia-Marie
F,Sofia-May
F,Sofia-Riley
F,Sofiah
F,Sofiya
F,Sofiyah
F,Soleil
F,Solenne
F,Solfrid
F,Solomiya
F,Somow
F,Sonam
F,Sonny
F,Sophia-Amelia
F,Sophia-Azra
F,Sophia-Louise
F,Sophia-Mae
F,Sophie-Anne
F,Sophie-Holly
F,Sophie-Rose
F,Sophronia
F,Sophy
F,Sophyia
F,Sora
F,Sorcha
F,Sorrel
F,Sparrow
F,Spencer-Lily
F,Sreya
F,Starlette
F,Starr
F,Stavriani
F,Stefani
F,Stellah
F,Stephie
F,Stevee
F,Stevey
F,Stevi
F,Stevi-Grace
F,Stevie-Leigh
F,Stevie-Sydney
F,Stormi
F,Suhayla
F,Sujana
F,Sukhmani
F,Sula
F,Sumaya
F,Sumayah
F,Sumeyra
F,Summayah
F,Summer-Rose
F,Sumya
F,Sunaiya
F,Sunari
F,Sundae
F,Sunniva
F,Sura
F,Susie
F,Sutton
F,Suyao
F,Suzanna
F,Suzanne
F,Suzie
F,Swami
F,Swara
F,Swastima
F,Sybil
F,Sydnee
F,Szaffi
F,Tabita
F,Tacko
F,Tafawul
F,Tafseera
F,Tahlia
F,Taiba
F,Tait
F,Tala
F,Talita
F,Talitha
F,Taliya
F,Talla
F,Tallie
F,Tallien
F,Taman
F,Tamekia
F,Tammy
F,Tammy-Lee
F,Tamsin
F,Tanvitha
F,Tanya
F,Tanyaradzwa
F,Taqwa
F,Tasbih
F,Tasneem
F,Tasnim
F,Taylah
F,Tayyibah
F,Teddie
F,Tefta
F,Tehreem
F,Temitope
F,Temiyato
F,Teodora
F,Tereza
F,Terezia
F,Terri-Leigh
F,Thaleia
F,Thalissi
F,Thara
F,Tharunika
F,Thea-Grace
F,Thea-Hope
F,Thea-Jane
F,Theano
F,Theodora-May
F,Thistle
F,Thistle-Grace
F,Tholokuhle
F,Thomasina
F,Thyra
F,Ti'anna-Rose
F,Tiana-Lily
F,Tianne-Marie
F,Tieanna
F,Tiffiny
F,Tilia
F,Tilvy
F,Tily
F,Timea
F,Tina
F,Tisha
F,Tiyana
F,Tola
F,Tomany
F,Tootsie
F,Toumast
F,Tove
F,Tovi
F,Treasure
F,TRUE
F,Truly
F,Tsabeena
F,Tula
F,Twaritha
F,Tyga
F,Tyla
F,Tyler
F,Tyra
F,Uendjipa
F,Ugochi
F,Ulrike
F,Ulya
F,Umaiza
F,Umama
F,Umamah
F,Umayyah
F,Upe
F,Urenna
F,Ursula
F,Utjiuomuni
F,Vaida
F,Valenchia
F,Valencia
F,Valeria
F,Valkyrie
F,Vanda
F,Vanesa
F,Vaticana
F,Vera-Zorina
F,Vhari
F,Vhea
F,Vida
F,Vienna-Reign
F,Vienne
F,Vikashini
F,Viktorija
F,Viola
F,Violet-Rose
F,Violetta
F,Virginia
F,Vivien
F,Vogue
F,Wafa
F,Waianiwa
F,Wajeeha
F,Wallis
F,Wanda
F,Wareesha
F,Warisha
F,Waverley
F,Weaam
F,Wendy
F,Whitney
F,Whynter
F,Willow-Grace
F,Willow-Rayne
F,Wilow
F,Winona
F,Wish
F,Wylde
F,Wynter-Violet
F,Xanthe
F,Xayah
F,Xena
F,Xenia
F,Xi
F,Xihan
F,Xinran
F,Xiorra
F,Yagin
F,Yaldz
F,Yarra
F,Yashvin
F,Yasmeen
F,Yasmine
F,Yating
F,Yatong
F,Yeirah
F,Yoana
F,Yogashree
F,Yozge
F,Yuki
F,Yunjia
F,Yvaine
F,Yvie
F,Yvonne
F,Zabeen
F,Zaina
F,Zamima
F,Zaraleigh
F,Zari
F,Zariah
F,Zariyah
F,Zarrah
F,Zayah
F,Zayanah
F,Zayda
F,Zayna
F,Zeeanna
F,Zemira
F,Zenaya
F,Zenith
F,Zeyneb
F,Zhaorong
F,Zhara
F,Zhavia
F,Zhour
F,Zi
F,Ziara
F,Zienna
F,Zikra
F,Zilan
F,Zillah
F,Zimaal
F,Zimal
F,Zimifekachukwu
F,Zinnar
F,Zinnia
F,Zipporah
F,Ziqing
F,Zivah
F,Ziya
F,Zoa
F,Zobia
F,Zoeidh
F,Zoella
F,Zoey-Raine
F,Zografia
F,Zoja
F,Zonaira
F,Zonira
F,Zophia
F,Zosia
F,Zubiya
F,Zunairah
F,Zuri
F,Zuzana
F,Zynnell
